minute,kwatt
1,1.2247
2,1.2737
3,0.9183
4,0.8917
5,0.9489
6,0.7829
7,0.7232
8,1.1359
9,1.2046
10,1.1583
11,1.177
12,1.204
13,1.1856
14,1.2289
15,1.2042
16,1.2475
17,1.2176
18,1.2729
19,1.2686
20,1.299
21,1.1797
22,0.9249
23,0.821
24,0.8547
25,1.2451
26,1.2459
27,1.2375
28,1.2403
29,1.2378
30,1.2588
31,1.2706
32,1.2679
33,1.2742
34,1.279
35,1.2729
36,1.272
37,1.2703
38,1.2731
39,1.2819
40,1.3601
41,1.2981
42,1.2747
43,1.2769
44,1.2869
45,1.2642
46,1.2722
47,1.4078
48,1.3773
49,1.2941
50,1.2793
51,1.2731
52,1.3067
53,1.3096
54,1.3255
55,1.4192
56,1.335
57,1.3762
58,1.3393
59,1.383
60,1.293
61,1.4364
62,1.414
63,1.346
64,1.148
65,1.1412
66,1.2226
67,1.3433
68,1.3521
69,1.3333
70,1.3496
71,1.4076
72,1.3374
73,1.2493
74,1.2568
75,1.3224
76,1.4079
77,1.533
78,1.3069
79,1.2941
80,1.3481
81,1.3542
82,1.2417
83,1.2347
84,1.2705
85,1.316
86,1.2965
87,1.3211
88,1.3975
89,1.3975
90,1.3677
91,1.3254
92,1.3309
93,1.3193
94,1.3607
95,1.3475
96,1.3409
97,1.3023
98,1.3371
99,1.3653
100,1.2352
101,1.0765
102,0.9946
103,1.0249
104,0.9906
105,1.2345
106,1.2716
107,1.2321
108,1.2463
109,1.2793
110,1.2967
111,1.2911
112,1.3017
113,1.3261
114,1.3682
115,1.2637
116,1.7116
117,2.0556
118,1.526
119,2.0117
120,1.6059
121,1.6692
122,1.3262
123,1.3246
124,1.3204
125,1.2844
126,1.2753
127,1.2677
128,1.2713
129,1.2711
130,1.2664
131,1.2616
132,1.261
133,1.2644
134,1.2602
135,1.2567
136,1.2514
137,1.2355
138,1.2341
139,1.2403
140,1.2314
141,1.2418
142,1.262
143,1.2642
144,1.2555
145,1.244
146,1.2406
147,1.234
148,1.232
149,1.2311
150,1.2273
151,1.2266
152,1.2348
153,1.2496
154,1.2831
155,1.2958
156,1.2924
157,1.2959
158,1.2811
159,1.2753
160,1.2684
161,1.2605
162,1.2515
163,1.2505
164,1.2537
165,1.2567
166,1.2555
167,1.2429
168,1.2306
169,1.2297
170,1.2223
171,1.2077
172,1.1999
173,1.1912
174,1.1913
175,1.2027
176,1.2086
177,1.2015
178,1.1994
179,1.1956
180,1.1906
181,1.1829
182,1.1716
183,1.157
184,1.1448
185,1.1315
186,1.1207
187,1.1017
188,1.0795
189,1.0778
190,1.0842
191,1.0908
192,1.0944
193,1.1098
194,1.1201
195,1.1257
196,1.1233
197,1.1172
198,1.1132
199,1.1063
200,1.1113
201,1.1092
202,1.1056
203,1.0954
204,1.0856
205,1.079
206,1.0702
207,1.0544
208,1.043
209,1.048
210,1.0539
211,1.0537
212,1.0446
213,1.04
214,1.0373
215,1.0243
216,1.0117
217,1.0031
218,0.9996
219,1.0053
220,1.0151
221,1.0132
222,1.0146
223,1.0061
224,0.9921
225,0.9852
226,0.9774
227,0.9508
228,0.8334
229,0.6635
230,0.7875
231,0.7699
232,0.8014
233,0.9439
234,0.9408
235,0.889
236,0.2616
237,0.1121
238,0.1225
239,0.1488
240,0.4024
241,0.3906
242,0.5544
243,0.8673
244,0.6917
245,0.3453
246,0.1294
247,0.2839
248,0.0981
249,0.1093
250,0.1161
251,0.1145
252,0.0966
253,0.0597
254,0.0459
255,1.284
256,1.2678
257,1.2458
258,1.3577
259,0.9801
260,0.9058
261,0.7896
262,0.7496
263,0.6529
264,0.1455
265,0.137
266,0.1122
267,0.1095
268,0.1085
269,0.1081
270,0.1083
271,0.1616
272,0.1078
273,0.1076
274,0.1486
275,0.4954
276,0.1167
277,0.1037
278,0.1031
279,0.1243
280,0.1442
281,0.1028
282,0.101
283,0.186
284,0.1822
285,0.0995
286,0.0994
287,0.1093
288,0.1155
289,0.1107
290,0.0969
291,0.0937
292,0.1409
293,0.2158
294,0.3227
295,0.3867
296,0.2028
297,0.2153
298,0.3892
299,0.3106
300,0.2633
301,0.3197
302,0.2047
303,0.0905
304,0.1393
305,0.1667
306,0.1387
307,0.1265
308,0.1385
309,0.1183
310,0.1231
311,0.1353
312,0.182
313,0.1844
314,0.1791
315,0.1525
316,0.1103
317,0.2144
318,0.2186
319,0.1991
320,0.1783
321,0.1445
322,0.1114
323,0.126
324,0.2017
325,0.1911
326,0.1652
327,0.134
328,0.0883
329,0.0578
330,0.1227
331,0.1087
332,0.0863
333,0.0838
334,0.0791
335,0.0684
336,0.0604
337,0.0526
338,0.0442
339,0.0361
340,0.0377
341,0.0391
342,0.0535
343,0.0663
344,0.0762
345,0.0774
346,0.0809
347,0.0831
348,0.0804
349,0.0749
350,0.0664
351,0.0582
352,0.0543
353,0.0545
354,0.0582
355,0.058
356,0.0581
357,0.0583
358,0.0585
359,0.0579
360,0.0581
361,0.0579
362,0.0576
363,0.0578
364,0.056
365,0.0657
366,0.0837
367,0.0982
368,0.1357
369,0.1246
370,0.1427
371,0.1514
372,0.1411
373,0.14
374,0.14
375,0.1397
376,0.14
377,0.1406
378,0.1403
379,0.1404
380,0.1401
381,0.14
382,0.1403
383,0.1402
384,0.1403
385,0.1706
386,0.2883
387,0.2814
388,0.2779
389,0.276
390,0.2745
391,0.2735
392,0.2724
393,0.2715
394,0.2707
395,0.2713
396,0.2699
397,0.269
398,0.2686
399,0.268
400,0.2677
401,0.267
402,0.267
403,0.2666
404,0.2661
405,0.2657
406,0.2655
407,0.2646
408,0.2645
409,0.2639
410,0.2643
411,0.2687
412,0.2688
413,0.2686
414,0.2683
415,0.2672
416,0.2675
417,0.267
418,0.2656
419,0.2648
420,0.2636
421,0.2629
422,0.263
423,0.2619
424,0.2598
425,0.1447
426,0.1444
427,0.1444
428,0.1445
429,0.1446
430,0.1445
431,0.1442
432,0.1441
433,0.1445
434,0.1446
435,0.168
436,0.1801
437,0.8933
438,0.674
439,0.7884
440,0.5877
441,0.1857
442,0.1882
443,0.2513
444,0.1607
445,0.1694
446,0.1758
447,0.1918
448,0.2628
449,0.2623
450,0.2609
451,0.2607
452,0.2612
453,0.2601
454,0.2573
455,0.2599
456,0.2599
457,0.2401
458,0.2254
459,0.2592
460,0.2503
461,0.2609
462,0.2445
463,0.2563
464,0.2506
465,0.2594
466,0.261
467,0.2607
468,0.2594
469,0.2539
470,0.2574
471,0.2603
472,0.2601
473,0.2604
474,0.2598
475,0.2579
476,0.2603
477,0.2405
478,0.26
479,0.26
480,0.2531
481,0.2598
482,0.2604
483,0.2606
484,0.2598
485,0.2597
486,0.2616
487,0.2582
488,0.2599
489,0.2599
490,0.2658
491,0.2814
492,0.2767
493,0.269
494,0.2831
495,0.2851
496,0.3276
497,0.363
498,0.3513
499,0.3647
500,0.3532
501,0.3593
502,0.3582
503,0.301
504,0.2685
505,0.2715
506,0.3411
507,0.4191
508,0.416
509,0.4142
510,0.4104
511,0.4094
512,0.4092
513,0.4063
514,0.4039
515,0.4052
516,0.4042
517,0.3871
518,0.4011
519,0.4034
520,0.3973
521,0.4022
522,0.4027
523,0.4035
524,0.4132
525,0.3753
526,0.3081
527,0.3236
528,0.3086
529,0.3008
530,0.3013
531,0.3006
532,0.2993
533,0.2989
534,0.2975
535,0.2971
536,0.2965
537,0.3027
538,0.2945
539,0.2926
540,0.2885
541,0.286
542,0.2858
543,0.2617
544,0.1619
545,0.1614
546,0.1615
547,0.1613
548,0.1612
549,0.1608
550,0.1637
551,0.1843
552,0.1789
553,0.1583
554,0.1974
555,0.2142
556,1.0554
557,1.5485
558,0.9892
559,0.2268
560,0.2739
561,0.1999
562,0.1825
563,0.201
564,0.1954
565,0.195
566,0.1944
567,0.1936
568,0.1927
569,0.1926
570,0.1926
571,0.1927
572,0.1922
573,0.1927
574,0.1924
575,0.1926
576,0.1927
577,0.1929
578,0.1926
579,0.1929
580,0.1928
581,0.1931
582,0.193
583,0.1927
584,0.1923
585,0.1922
586,0.1924
587,0.1921
588,0.1918
589,0.192
590,0.1926
591,0.1926
592,0.193
593,0.1928
594,0.1933
595,0.1928
596,0.1928
597,0.1968
598,0.1941
599,0.1931
600,0.1936
601,0.1939
602,0.1941
603,0.1937
604,0.1945
605,0.1932
606,0.1935
607,0.1927
608,0.1935
609,0.1937
610,0.1933
611,0.1931
612,0.1935
613,0.1932
614,0.1923
615,0.1923
616,0.1928
617,0.193
618,0.1923
619,0.1931
620,0.1924
621,0.1929
622,0.1923
623,0.1923
624,0.1926
625,0.1927
626,0.1926
627,0.1924
628,0.1918
629,0.2083
630,0.3217
631,0.4617
632,0.52
633,0.5138
634,0.5101
635,0.5071
636,0.4443
637,0.3455
638,0.3179
639,0.3089
640,0.3022
641,0.3017
642,0.3008
643,0.3004
644,0.2997
645,0.3001
646,0.2991
647,0.2989
648,0.2987
649,0.2982
650,0.2982
651,0.2979
652,0.321
653,0.321
654,0.3106
655,0.3106
656,0.3104
657,0.3049
658,0.3576
659,0.4126
660,0.4322
661,0.413
662,0.4081
663,0.3994
664,0.4236
665,0.4104
666,0.3921
667,0.3806
668,0.3931
669,0.2864
670,0.2598
671,0.2465
672,0.2565
673,0.26
674,0.2657
675,0.2503
676,0.2564
677,0.2747
678,0.2857
679,0.2809
680,0.292
681,0.3209
682,0.3378
683,0.3477
684,0.3537
685,0.3569
686,0.354
687,0.3546
688,0.3595
689,0.3592
690,0.362
691,0.333
692,0.3263
693,0.3308
694,0.3436
695,0.352
696,0.349
697,0.347
698,0.3441
699,0.3414
700,0.3451
701,0.3475
702,0.3465
703,0.3363
704,0.3375
705,0.3293
706,0.3112
707,0.3363
708,0.3487
709,0.3581
710,0.3482
711,0.3512
712,0.3456
713,0.3402
714,0.3465
715,0.343
716,0.3344
717,0.3431
718,0.3489
719,0.3495
720,0.3448
721,0.3485
722,0.3485
723,0.3426
724,0.3468
725,0.346
726,0.3481
727,0.3475
728,0.3413
729,0.3454
730,0.3435
731,0.3483
732,0.3435
733,0.3446
734,0.345
735,0.3445
736,0.3413
737,0.3441
738,0.346
739,0.3489
740,0.349
741,0.3462
742,0.3472
743,0.3463
744,0.3449
745,0.3468
746,0.345
747,0.3466
748,0.3337
749,0.3475
750,0.35
751,0.3282
752,0.319
753,0.3162
754,0.3429
755,0.3418
756,0.3442
757,0.3528
758,0.3523
759,0.3486
760,0.3465
761,0.3461
762,0.3414
763,0.339
764,0.3307
765,0.508
766,0.4926
767,0.4887
768,0.4763
769,0.4856
770,0.4813
771,0.4842
772,0.4828
773,0.4831
774,0.481
775,0.4798
776,0.4725
777,0.4815
778,0.4717
779,0.4749
780,0.4712
781,0.4712
782,0.4709
783,0.4766
784,0.4798
785,0.4784
786,0.4425
787,0.4623
788,0.4327
789,0.4589
790,0.4794
791,0.4467
792,0.3737
793,0.3299
794,0.3293
795,0.3279
796,0.3258
797,0.3247
798,0.3335
799,0.339
800,0.337
801,0.3363
802,0.3355
803,0.2595
804,0.1714
805,0.1707
806,0.1713
807,0.1714
808,0.1712
809,0.1708
810,0.1701
811,0.1714
812,0.171
813,0.1704
814,0.1698
815,0.1683
816,0.1676
817,0.1675
818,0.1683
819,0.169
820,0.1687
821,0.1686
822,0.1695
823,0.1684
824,0.1669
825,0.1659
826,0.165
827,0.1637
828,0.1627
829,0.1623
830,0.1624
831,0.1621
832,0.1629
833,0.1623
834,0.1623
835,0.1622
836,0.1627
837,0.1611
838,0.1612
839,0.1607
840,0.1609
841,0.1606
842,0.1602
843,0.1601
844,0.1598
845,0.1596
846,0.1596
847,0.1595
848,0.1596
849,0.1592
850,0.1594
851,0.159
852,0.1588
853,0.1587
854,0.1585
855,0.1581
856,0.1583
857,0.1586
858,0.158
859,0.1584
860,0.1575
861,0.1573
862,0.1569
863,0.1565
864,0.1562
865,0.1562
866,0.1558
867,0.1558
868,0.1558
869,0.1555
870,0.1552
871,0.1558
872,0.1549
873,0.1551
874,0.1555
875,0.1554
876,0.1553
877,0.1551
878,0.1548
879,0.1545
880,0.1538
881,0.1539
882,0.1539
883,0.1541
884,0.1538
885,0.1541
886,0.1537
887,0.1536
888,0.154
889,0.1541
890,0.1534
891,0.154
892,0.1538
893,0.1539
894,0.154
895,0.2716
896,0.3029
897,0.2989
898,0.2967
899,0.2946
900,0.2972
901,0.2934
902,0.2922
903,0.2909
904,0.2906
905,0.2896
906,0.2899
907,0.2889
908,0.2886
909,0.2879
910,0.288
911,0.2873
912,0.2871
913,0.2867
914,0.2862
915,0.2861
916,0.2847
917,0.2849
918,0.2839
919,0.2842
920,0.2831
921,0.2811
922,0.2801
923,0.2694
924,0.2641
925,0.266
926,0.2661
927,0.2652
928,0.2647
929,0.2645
930,0.2653
931,0.1948
932,0.1444
933,0.1446
934,0.1442
935,0.1443
936,0.1439
937,0.145
938,0.1443
939,0.1447
940,0.1481
941,0.1484
942,0.1482
943,0.148
944,0.1482
945,0.1478
946,0.1473
947,0.1471
948,0.1472
949,0.1473
950,0.1467
951,0.147
952,0.147
953,0.1469
954,0.1472
955,0.1463
956,0.1467
957,0.1467
958,0.1465
959,0.1466
960,0.1438
961,0.1437
962,0.1457
963,0.1466
964,0.146
965,0.1437
966,0.1436
967,0.1461
968,0.1523
969,0.172
970,0.1539
971,0.1462
972,0.146
973,0.1456
974,0.1463
975,0.1467
976,0.1465
977,0.1465
978,0.1456
979,0.1457
980,0.1455
981,0.1455
982,0.146
983,0.1453
984,0.1458
985,0.1457
986,0.1456
987,0.1452
988,0.1456
989,0.1456
990,0.145
991,0.1453
992,0.1456
993,0.1453
994,0.1453
995,0.1452
996,0.1457
997,0.1455
998,0.1453
999,0.1454
1000,0.1454
1001,0.1455
1002,0.1452
1003,0.1422
1004,0.1449
1005,0.1457
1006,0.1459
1007,0.1462
1008,0.146
1009,0.1457
1010,0.1463
1011,0.1458
1012,0.1463
1013,0.1465
1014,0.1463
1015,0.1457
1016,0.1459
1017,0.1453
1018,0.1454
1019,0.1454
1020,0.1452
1021,0.1449
1022,0.1456
1023,0.1452
1024,0.1449
1025,0.1452
1026,0.1455
1027,0.2977
1028,0.2877
1029,0.2839
1030,0.2816
1031,0.2799
1032,0.2785
1033,0.2784
1034,0.2772
1035,0.2769
1036,0.2761
1037,0.276
1038,0.2748
1039,0.2745
1040,0.2746
1041,0.2741
1042,0.2733
1043,0.2733
1044,0.2734
1045,0.2729
1046,0.2728
1047,0.2721
1048,0.2719
1049,0.2716
1050,0.2702
1051,0.2688
1052,0.2682
1053,0.2671
1054,0.2665
1055,0.2658
1056,0.2652
1057,0.2652
1058,0.2643
1059,0.2643
1060,0.2638
1061,0.2633
1062,0.2627
1063,0.1724
1064,0.1441
1065,0.1445
1066,0.1441
1067,0.1444
1068,0.1443
1069,0.1439
1070,0.1442
1071,0.1444
1072,0.1443
1073,0.1446
1074,0.1459
1075,0.145
1076,0.1445
1077,0.1444
1078,0.1442
1079,0.1443
1080,0.1443
1081,0.1439
1082,0.1444
1083,0.1456
1084,0.1451
1085,0.1457
1086,0.146
1087,0.1454
1088,0.1456
1089,0.1449
1090,0.1453
1091,0.1448
1092,0.1452
1093,0.145
1094,0.1459
1095,0.1491
1096,0.1711
1097,0.1704
1098,0.1704
1099,0.17
1100,0.1702
1101,0.1699
1102,0.1696
1103,0.1673
1104,0.1675
1105,0.1695
1106,0.1695
1107,0.1696
1108,0.1691
1109,0.1692
1110,0.1685
1111,0.1688
1112,0.1694
1113,0.1658
1114,0.1678
1115,0.1695
1116,0.1693
1117,0.17
1118,0.17
1119,0.1693
1120,0.1688
1121,0.1697
1122,0.169
1123,0.1694
1124,0.1696
1125,0.1694
1126,0.1695
1127,0.1692
1128,0.1802
1129,0.1862
1130,0.1859
1131,0.186
1132,0.1815
1133,0.1691
1134,0.2104
1135,0.4701
1136,0.5124
1137,0.5105
1138,0.5103
1139,0.5096
1140,0.5101
1141,0.5094
1142,0.5095
1143,0.5072
1144,0.5087
1145,0.5073
1146,0.5086
1147,0.5094
1148,0.5049
1149,0.5069
1150,0.5096
1151,0.5093
1152,0.5087
1153,1.103
1154,1.9528
1155,0.5107
1156,0.5081
1157,0.5091
1158,0.5157
1159,0.5913
1160,0.5918
1161,0.5921
1162,0.6514
1163,0.7336
1164,0.7242
1165,0.7197
1166,0.717
1167,0.7153
1168,0.7075
1169,0.7127
1170,0.7123
1171,0.7111
1172,0.6515
1173,0.6537
1174,0.6547
1175,0.6513
1176,0.6302
1177,0.6212
1178,0.6211
1179,0.6225
1180,0.6218
1181,0.6219
1182,0.6209
1183,0.4102
1184,0.2831
1185,0.2829
1186,0.2815
1187,0.2798
1188,0.2781
1189,0.2766
1190,0.276
1191,0.2759
1192,0.275
1193,0.2751
1194,0.2741
1195,0.2736
1196,0.2737
1197,0.2724
1198,0.2716
1199,0.1759
1200,0.1531
1201,0.1498
1202,0.1497
1203,0.1487
1204,0.1489
1205,0.1477
1206,0.1429
1207,0.1399
1208,0.136
1209,0.1338
1210,0.1294
1211,0.137
1212,0.1449
1213,0.1629
1214,0.1661
1215,0.134
1216,0.1332
1217,0.155
1218,0.1418
1219,0.1357
1220,0.1266
1221,0.1228
1222,0.1325
1223,0.1507
1224,0.1095
1225,0.1095
1226,0.1095
1227,0.1095
1228,0.1095
1229,0.1095
1230,0.1095
1231,0.1095
1232,0.1095
1233,0.1095
1234,0.1095
1235,0.1095
1236,0.1095
1237,0.1095
1238,0.1095
1239,0.0981
1240,0.1042
1241,0.0974
1242,0.0946
1243,0.1014
1244,0.0895
1245,0.0878
1246,0.0861
1247,0.0852
1248,0.0853
1249,0.0858
1250,0.0923
1251,0.0834
1252,0.0826
1253,0.0906
1254,0.082
1255,0.0809
1256,0.0795
1257,0.0778
1258,0.0762
1259,0.0748
1260,0.074
1261,0.0854
1262,0.0728
1263,0.0661
1264,0.097
1265,0.0972
1266,0.0788
1267,0.0704
1268,0.0538
1269,0.049
1270,0.0415
1271,0.0361
1272,0.0336
1273,0.0339
1274,0.0321
1275,0.0318
1276,0.0329
1277,0.0297
1278,0.024
1279,0.0227
1280,0.0229
1281,0.0253
1282,0.0263
1283,0.0257
1284,0.0436
1285,0.0588
1286,0.0631
1287,0.0697
1288,0.0738
1289,0.1288
1290,0.1239
1291,0.118
1292,0.1157
1293,0.1135
1294,0.1136
1295,0.1111
1296,0.1121
1297,0.1096
1298,0.1115
1299,0.1217
1300,0.1243
1301,0.1166
1302,0.1096
1303,0.114
1304,0.121
1305,0.1409
1306,0.1502
1307,0.1575
1308,0.153
1309,0.1064
1310,0.1058
1311,0.106
1312,0.1284
1313,0.1151
1314,0.1957
1315,0.141
1316,0.1454
1317,0.2057
1318,0.2389
1319,0.2397
1320,0.2429
1321,0.2461
1322,0.2502
1323,0.2647
1324,0.3014
1325,0.3338
1326,0.336
1327,0.3386
1328,0.3463
1329,0.3808
1330,0.4002
1331,0.4076
1332,0.4083
1333,0.4198
1334,0.424
1335,0.43
1336,0.4346
1337,0.4384
1338,0.4441
1339,0.4567
1340,0.4822
1341,0.4894
1342,0.4957
1343,0.5098
1344,0.5341
1345,0.546
1346,0.5558
1347,0.5583
1348,0.563
1349,0.5684
1350,0.5714
1351,0.5908
1352,0.6163
1353,0.6221
1354,0.6201
1355,0.625
1356,0.6223
1357,0.6209
1358,0.6341
1359,0.6615
1360,0.6761
1361,0.6851
1362,0.6956
1363,0.7033
1364,0.709
1365,0.7135
1366,0.7156
1367,0.7224
1368,0.7243
1369,0.7306
1370,0.7463
1371,0.7639
1372,0.781
1373,0.7958
1374,0.8096
1375,0.8468
1376,0.8605
1377,0.8692
1378,0.8729
1379,0.8699
1380,0.8762
1381,0.875
1382,0.8756
1383,0.8741
1384,0.8845
1385,0.8926
1386,0.9048
1387,0.9098
1388,0.9133
1389,0.9104
1390,0.9138
1391,0.9218
1392,0.929
1393,0.9291
1394,0.9335
1395,0.9374
1396,0.9431
1397,0.942
1398,0.9392
1399,0.9482
1400,0.9422
1401,0.9413
1402,0.9495
1403,0.9613
1404,0.9829
1405,1.0114
1406,1.0877
1407,1.0534
1408,1.0684
1409,1.0901
1410,1.0854
1411,1.135
1412,1.103
1413,1.0583
1414,1.1443
1415,1.1444
1416,1.0037
1417,1.0083
1418,1.0078
1419,1.0135
1420,1.0175
1421,1.0226
1422,1.0227
1423,1.0237
1424,1.0363
1425,1.0759
1426,1.0853
1427,1.0898
1428,1.096
1429,1.1762
1430,1.1008
1431,1.0949
1432,1.1016
1433,1.1099
1434,1.113
1435,1.1204
1436,1.1257
1437,1.1305
1438,1.124
1439,1.1239
1440,1.0982
1441,1.1001
1442,1.1368
1443,1.1649
1444,1.1543
1445,1.1548
1446,1.1548
1447,1.1561
1448,1.1613
1449,1.1659
1450,1.168
1451,1.1681
1452,1.1701
1453,1.1743
1454,1.1763
1455,1.1822
1456,1.1892
1457,1.2061
1458,1.234
1459,1.2392
1460,1.2523
1461,1.2639
1462,1.2685
1463,1.2637
1464,1.2608
1465,1.2638
1466,1.2625
1467,1.2823
1468,1.308
1469,1.3059
1470,1.3117
1471,1.3208
1472,1.3137
1473,1.2935
1474,1.2776
1475,1.2954
1476,1.2878
1477,1.2856
1478,1.3062
1479,1.3288
1480,1.3296
1481,1.3401
1482,1.3379
1483,1.3375
1484,1.3387
1485,1.3034
1486,1.2859
1487,1.2788
1488,1.2786
1489,1.2835
1490,1.3007
1491,1.3032
1492,1.305
1493,1.2945
1494,1.3155
1495,1.3323
1496,1.3215
1497,1.3094
1498,1.3162
1499,1.307
1500,1.2922
1501,1.2761
1502,1.282
1503,1.2882
1504,1.2826
1505,1.2847
1506,1.3054
1507,1.3076
1508,1.3081
1509,1.3044
1510,1.308
1511,1.3236
1512,1.3331
1513,1.3371
1514,1.3299
1515,1.3293
1516,1.3274
1517,1.3122
1518,1.3006
1519,1.3065
1520,1.309
1521,1.3126
1522,1.3177
1523,1.3237
1524,1.3275
1525,1.3342
1526,1.3342
1527,1.3333
1528,1.3296
1529,1.3209
1530,1.3335
1531,1.3352
1532,1.3203
1533,1.3039
1534,0.8877
1535,1.1901
1536,1.3229
1537,1.3251
1538,1.3304
1539,1.3287
1540,1.334
1541,1.2832
1542,1.312
1543,1.3306
1544,1.3448
1545,1.3622
1546,1.3651
1547,1.3688
1548,1.3654
1549,1.357
1550,1.3505
1551,1.3408
1552,1.2844
1553,1.2808
1554,1.272
1555,1.2531
1556,1.2132
1557,1.1105
1558,0.1753
1559,0.1785
1560,0.2034
1561,0.2091
1562,0.2093
1563,0.2368
1564,0.2828
1565,0.2853
1566,0.2842
1567,0.2803
1568,0.273
1569,0.2674
1570,0.2598
1571,0.2518
1572,0.2428
1573,0.2359
1574,0.2323
1575,0.2309
1576,0.2273
1577,0.2231
1578,0.2164
1579,0.2067
1580,0.2
1581,0.7509
1582,0.4036
1583,0.1914
1584,0.1913
1585,0.1904
1586,0.1896
1587,0.189
1588,0.1882
1589,0.1883
1590,0.1873
1591,0.1877
1592,0.1824
1593,0.177
1594,0.1886
1595,0.1883
1596,0.1883
1597,0.1884
1598,0.1884
1599,0.1887
1600,0.1878
1601,0.1878
1602,0.1881
1603,0.1927
1604,0.2935
1605,0.4426
1606,0.7079
1607,0.9961
1608,1.1757
1609,1.2849
1610,1.2981
1611,1.3789
1612,1.4098
1613,1.3968
1614,1.4036
1615,1.1332
1616,1.3613
1617,1.3687
1618,1.3778
1619,1.1643
1620,1.3681
1621,1.1796
1622,1.0887
1623,1.2805
1624,1.3162
1625,1.3034
1626,1.28
1627,1.2627
1628,1.241
1629,1.2205
1630,1.1999
1631,0.9267
1632,0.4987
1633,0.2727
1634,0.3754
1635,0.3806
1636,0.316
1637,0.3017
1638,0.3779
1639,0.3045
1640,0.2594
1641,0.2584
1642,0.2497
1643,0.1867
1644,0.1679
1645,0.1694
1646,0.1807
1647,0.1842
1648,0.1801
1649,0.1679
1650,0.152
1651,0.1407
1652,0.137
1653,0.1377
1654,0.131
1655,0.1225
1656,0.122
1657,0.1359
1658,0.2722
1659,0.1609
1660,0.1204
1661,0.0846
1662,0.0786
1663,0.0838
1664,0.0959
1665,0.1025
1666,0.1054
1667,0.1085
1668,0.1105
1669,0.1152
1670,0.1156
1671,0.1275
1672,0.1444
1673,0.1547
1674,0.1706
1675,0.1748
1676,0.1786
1677,0.1817
1678,0.1852
1679,0.1888
1680,0.192
1681,0.1935
1682,0.1961
1683,0.2003
1684,0.2039
1685,0.2075
1686,0.2146
1687,0.2171
1688,0.2042
1689,0.2015
1690,0.201
1691,0.2024
1692,0.2115
1693,0.2067
1694,0.1996
1695,0.1986
1696,0.1977
1697,0.1969
1698,0.1951
1699,0.5242
1700,0.7088
1701,0.7085
1702,0.7063
1703,0.7024
1704,0.6958
1705,0.6933
1706,0.6915
1707,0.695
1708,0.6956
1709,0.6979
1710,0.7018
1711,0.7091
1712,0.7151
1713,0.7175
1714,0.7188
1715,0.7137
1716,0.408
1717,0.0643
1718,0.0622
1719,0.0606
1720,0.0629
1721,0.0623
1722,0.1972
1723,0.1795
1724,0.1559
1725,0.1507
1726,0.1682
1727,0.1548
1728,0.1235
1729,0.0869
1730,0.082
1731,0.0835
1732,0.0755
1733,0.1596
1734,0.3143
1735,0.2859
1736,0.1775
1737,0.1048
1738,0.1953
1739,0.0575
1740,0.0561
1741,0.0674
1742,0.0638
1743,0.087
1744,0.094
1745,0.117
1746,0.1989
1747,0.2441
1748,0.2682
1749,0.2777
1750,0.2846
1751,0.305
1752,0.3108
1753,0.2422
1754,0.1974
1755,0.1833
1756,0.1661
1757,0.1738
1758,0.1842
1759,0.1848
1760,0.1825
1761,0.1353
1762,0.1341
1763,0.1331
1764,0.1242
1765,0.1117
1766,0.0929
1767,0.0582
1768,0.051
1769,0.0519
1770,0.0517
1771,0.0683
1772,0.0842
1773,0.0973
1774,0.1067
1775,0.1263
1776,0.1426
1777,0.1476
1778,0.1512
1779,0.1523
1780,0.1515
1781,0.1484
1782,0.1539
1783,0.167
1784,0.1575
1785,0.1296
1786,0.1387
1787,0.1434
1788,0.1489
1789,0.1561
1790,0.1407
1791,0.1405
1792,0.1402
1793,0.1405
1794,0.1406
1795,0.1407
1796,0.1408
1797,0.1509
1798,0.1549
1799,0.1414
1800,0.1486
1801,0.1487
1802,0.1486
1803,0.1481
1804,0.1485
1805,0.1485
1806,0.1483
1807,0.1486
1808,0.1517
1809,0.1517
1810,0.1515
1811,0.1517
1812,0.152
1813,0.1517
1814,0.1519
1815,0.1516
1816,0.1512
1817,0.1516
1818,0.1516
1819,0.1516
1820,0.1513
1821,0.1511
1822,0.1511
1823,0.1512
1824,0.151
1825,0.1511
1826,0.1514
1827,0.1513
1828,0.1515
1829,0.1518
1830,0.152
1831,0.1521
1832,0.1521
1833,0.1512
1834,0.1513
1835,0.1512
1836,0.1516
1837,0.1511
1838,0.1512
1839,0.1514
1840,0.1512
1841,0.151
1842,0.1519
1843,0.1519
1844,0.3135
1845,0.2979
1846,0.297
1847,0.2943
1848,0.2919
1849,0.2899
1850,0.2884
1851,0.2877
1852,0.2871
1853,0.2867
1854,0.2864
1855,0.2522
1856,0.2204
1857,0.2204
1858,0.2204
1859,0.2204
1860,0.2204
1861,0.2204
1862,0.2204
1863,0.2204
1864,0.2204
1865,0.2204
1866,0.2204
1867,0.2204
1868,0.2204
1869,0.2204
1870,0.2204
1871,0.2204
1872,0.2226
1873,0.2138
1874,0.1932
1875,0.1932
1876,0.1925
1877,0.1927
1878,0.1925
1879,0.1919
1880,0.1914
1881,0.1914
1882,0.1906
1883,0.1899
1884,0.1863
1885,0.184
1886,0.1836
1887,0.1831
1888,0.1832
1889,0.1833
1890,0.1832
1891,0.1835
1892,0.1839
1893,0.1831
1894,0.1833
1895,0.1833
1896,0.1847
1897,0.1841
1898,0.1844
1899,0.1837
1900,0.1834
1901,0.1827
1902,0.1826
1903,0.1828
1904,0.1824
1905,0.1826
1906,0.1827
1907,0.1826
1908,0.1824
1909,0.1827
1910,0.1826
1911,0.1812
1912,0.1822
1913,0.1826
1914,0.1825
1915,0.1821
1916,0.1829
1917,0.1826
1918,0.1826
1919,0.1826
1920,0.2017
1921,0.2105
1922,0.2022
1923,0.1886
1924,0.2133
1925,0.2132
1926,0.2129
1927,0.213
1928,0.2109
1929,0.21
1930,0.2115
1931,0.2111
1932,0.2176
1933,0.2113
1934,0.2115
1935,0.211
1936,0.2111
1937,0.2114
1938,0.2108
1939,0.2106
1940,0.2105
1941,0.2098
1942,0.21
1943,0.2096
1944,0.2099
1945,0.2097
1946,0.2099
1947,0.2095
1948,0.2102
1949,0.3708
1950,0.3581
1951,0.3541
1952,0.3519
1953,0.3497
1954,0.3488
1955,0.3481
1956,0.3469
1957,0.3464
1958,0.3451
1959,0.346
1960,0.3446
1961,0.3439
1962,0.3441
1963,0.3446
1964,0.3432
1965,0.3437
1966,0.3432
1967,0.3421
1968,0.3418
1969,0.3414
1970,0.3414
1971,0.3408
1972,0.3406
1973,0.3391
1974,0.3367
1975,0.3355
1976,0.3342
1977,0.3347
1978,0.3342
1979,0.3333
1980,0.3325
1981,0.3321
1982,0.3326
1983,0.3324
1984,0.3313
1985,0.3305
1986,0.2657
1987,0.2065
1988,0.2064
1989,0.228
1990,0.248
1991,0.2463
1992,0.2463
1993,0.2461
1994,0.2453
1995,0.2434
1996,0.2417
1997,0.2437
1998,0.2426
1999,0.2436
2000,0.2451
2001,0.2434
2002,0.2425
2003,0.2416
2004,0.24
2005,0.2407
2006,0.2405
2007,0.2408
2008,0.2426
2009,0.2408
2010,0.2407
2011,0.241
2012,0.241
2013,0.2474
2014,0.2411
2015,0.2415
2016,0.2415
2017,0.2371
2018,0.2312
2019,0.2405
2020,0.2021
2021,0.2023
2022,0.2022
2023,0.2061
2024,0.2066
2025,0.2069
2026,0.2065
2027,0.2058
2028,0.2033
2029,0.2019
2030,0.2014
2031,0.1999
2032,0.1997
2033,0.198
2034,0.1976
2035,0.1973
2036,0.1958
2037,0.1987
2038,0.195
2039,0.1943
2040,0.1942
2041,0.194
2042,0.1941
2043,0.1941
2044,0.1923
2045,0.1929
2046,0.1922
2047,0.2067
2048,1.3955
2049,1.5625
2050,0.3782
2051,0.2779
2052,0.3563
2053,0.3497
2054,0.3466
2055,0.3447
2056,0.3433
2057,0.3422
2058,0.341
2059,0.3396
2060,0.338
2061,0.338
2062,0.3367
2063,0.3357
2064,0.3346
2065,0.3344
2066,0.3331
2067,0.3342
2068,0.3324
2069,0.3316
2070,0.3537
2071,0.3611
2072,0.3577
2073,0.3334
2074,0.328
2075,0.3289
2076,0.3273
2077,0.3262
2078,0.3255
2079,0.3196
2080,0.3175
2081,0.3171
2082,0.3207
2083,0.2109
2084,0.1927
2085,0.193
2086,0.1932
2087,0.1933
2088,0.1925
2089,0.1914
2090,0.1832
2091,0.169
2092,0.1742
2093,0.2076
2094,0.226
2095,0.2836
2096,0.2433
2097,0.2395
2098,0.2441
2099,0.2383
2100,0.2364
2101,0.2361
2102,0.2339
2103,0.2326
2104,0.2302
2105,0.2293
2106,0.2291
2107,0.228
2108,0.2254
2109,0.2227
2110,0.222
2111,0.2193
2112,0.217
2113,0.2159
2114,0.2147
2115,0.2146
2116,0.2136
2117,0.2131
2118,0.2131
2119,0.2124
2120,0.2119
2121,0.211
2122,0.2107
2123,0.2115
2124,0.2106
2125,0.2097
2126,0.201
2127,0.2003
2128,0.2003
2129,0.1994
2130,0.1981
2131,0.1889
2132,0.1843
2133,0.1841
2134,0.1841
2135,0.1843
2136,0.1837
2137,0.1836
2138,0.1834
2139,0.1832
2140,0.1803
2141,0.1821
2142,0.1814
2143,0.1818
2144,0.1808
2145,0.1811
2146,0.1822
2147,0.1831
2148,0.1826
2149,0.1816
2150,0.1818
2151,0.1847
2152,0.1818
2153,0.1811
2154,0.1813
2155,0.1815
2156,0.1815
2157,0.1815
2158,0.1819
2159,0.1815
2160,0.1818
2161,0.1808
2162,0.1813
2163,0.1809
2164,0.1812
2165,0.1801
2166,0.1835
2167,0.185
2168,0.1803
2169,0.1801
2170,0.1804
2171,0.1804
2172,0.1799
2173,0.1792
2174,0.1794
2175,0.1792
2176,0.179
2177,0.1782
2178,0.1783
2179,0.1788
2180,0.1792
2181,0.1789
2182,0.1782
2183,0.1777
2184,0.1782
2185,0.1783
2186,0.178
2187,0.2035
2188,0.334
2189,0.3257
2190,0.3231
2191,0.3214
2192,0.32
2193,0.319
2194,0.3179
2195,0.3164
2196,0.3159
2197,0.3148
2198,0.3144
2199,0.3137
2200,0.3137
2201,0.3124
2202,0.3121
2203,0.3118
2204,0.3115
2205,0.3111
2206,0.3127
2207,0.3069
2208,0.3067
2209,0.3062
2210,0.3066
2211,0.3038
2212,0.3026
2213,0.3013
2214,0.3
2215,0.2996
2216,0.2991
2217,0.2979
2218,0.2977
2219,0.2976
2220,0.2974
2221,0.2969
2222,0.2967
2223,0.1931
2224,0.1724
2225,0.1726
2226,0.1725
2227,0.1721
2228,0.1722
2229,0.1725
2230,0.1726
2231,0.1723
2232,0.1726
2233,0.1726
2234,0.1731
2235,0.1731
2236,0.1727
2237,0.1735
2238,0.1734
2239,0.1723
2240,0.173
2241,0.1726
2242,0.1729
2243,0.1717
2244,0.1718
2245,0.1717
2246,0.1716
2247,0.1709
2248,0.1707
2249,0.1692
2250,0.1695
2251,0.1691
2252,0.1691
2253,0.1688
2254,0.1689
2255,0.1688
2256,0.1691
2257,0.169
2258,0.1688
2259,0.1688
2260,0.1684
2261,0.1688
2262,0.1688
2263,0.1687
2264,0.1687
2265,0.1686
2266,0.1689
2267,0.1688
2268,0.1688
2269,0.1684
2270,0.1687
2271,0.1674
2272,0.1686
2273,0.1685
2274,0.1682
2275,0.1687
2276,0.1686
2277,0.1686
2278,0.1682
2279,0.1687
2280,0.1686
2281,0.1686
2282,0.1684
2283,0.1683
2284,0.1684
2285,0.1686
2286,0.168
2287,0.1684
2288,0.1685
2289,0.168
2290,0.1675
2291,0.1681
2292,0.1679
2293,0.1679
2294,0.1676
2295,0.1677
2296,0.1675
2297,0.1676
2298,0.1675
2299,0.1672
2300,0.1701
2301,0.1678
2302,0.1678
2303,0.1681
2304,0.1679
2305,0.1682
2306,0.1729
2307,0.1727
2308,0.1723
2309,0.172
2310,0.1718
2311,0.1716
2312,0.1719
2313,0.1716
2314,0.1717
2315,0.1717
2316,0.1718
2317,0.1712
2318,0.1713
2319,0.1707
2320,0.2542
2321,0.3213
2322,0.3161
2323,0.3136
2324,0.3121
2325,0.3105
2326,0.3096
2327,0.3074
2328,0.3081
2329,0.3068
2330,0.3066
2331,0.306
2332,0.305
2333,0.3042
2334,0.3035
2335,0.3031
2336,0.3033
2337,0.3029
2338,0.3031
2339,0.3017
2340,0.3019
2341,0.3008
2342,0.3004
2343,0.2985
2344,0.2968
2345,0.2958
2346,0.2951
2347,0.2949
2348,0.2944
2349,0.294
2350,0.2937
2351,0.2932
2352,0.2929
2353,0.2925
2354,0.2924
2355,0.2923
2356,0.2434
2357,0.169
2358,0.1682
2359,0.1684
2360,0.1681
2361,0.1684
2362,0.1683
2363,0.1678
2364,0.1679
2365,0.1675
2366,0.1677
2367,0.1677
2368,0.1675
2369,0.1675
2370,0.1679
2371,0.1676
2372,0.168
2373,0.1675
2374,0.1673
2375,0.167
2376,0.1673
2377,0.1673
2378,0.1671
2379,0.1668
2380,0.1665
2381,0.1664
2382,0.1664
2383,0.1664
2384,0.1662
2385,0.166
2386,0.1666
2387,0.1659
2388,0.1661
2389,0.1657
2390,0.1652
2391,0.1649
2392,0.1647
2393,0.1647
2394,0.1643
2395,0.1642
2396,0.1638
2397,0.1636
2398,0.164
2399,0.1634
2400,0.1604
2401,0.1613
2402,0.1635
2403,0.1643
2404,0.1633
2405,0.1634
2406,0.1633
2407,0.163
2408,0.1631
2409,0.1622
2410,0.1623
2411,0.1624
2412,0.1622
2413,0.1623
2414,0.162
2415,0.1618
2416,0.1618
2417,0.1621
2418,0.1615
2419,0.1617
2420,0.163
2421,0.1638
2422,0.1639
2423,0.1621
2424,0.161
2425,0.161
2426,0.1605
2427,0.1595
2428,0.1591
2429,0.1587
2430,0.1589
2431,0.1592
2432,0.1589
2433,0.1589
2434,0.159
2435,0.1587
2436,0.1592
2437,0.159
2438,0.1592
2439,0.1584
2440,0.1585
2441,0.1586
2442,0.157
2443,0.158
2444,0.1581
2445,0.1586
2446,0.1583
2447,0.1585
2448,0.1581
2449,0.1581
2450,0.1586
2451,0.1588
2452,0.1587
2453,0.1971
2454,0.313
2455,0.3054
2456,0.303
2457,0.3005
2458,0.2992
2459,0.2982
2460,0.2971
2461,0.2971
2462,0.296
2463,0.2952
2464,0.2952
2465,0.2947
2466,0.294
2467,0.2942
2468,0.2933
2469,0.293
2470,0.2926
2471,0.2921
2472,0.2921
2473,0.2913
2474,0.2915
2475,0.2893
2476,0.288
2477,0.2866
2478,0.2859
2479,0.2853
2480,0.285
2481,0.2846
2482,0.2842
2483,0.2832
2484,0.2835
2485,0.2834
2486,0.2833
2487,0.282
2488,0.1952
2489,0.1584
2490,0.1581
2491,0.158
2492,0.1583
2493,0.158
2494,0.1584
2495,0.1585
2496,0.1586
2497,0.1581
2498,0.1584
2499,0.1586
2500,0.1585
2501,0.1583
2502,0.1582
2503,0.1578
2504,0.16
2505,0.1604
2506,0.1605
2507,0.1603
2508,0.1592
2509,0.1583
2510,0.1579
2511,0.1582
2512,0.1582
2513,0.1575
2514,0.1584
2515,0.1599
2516,0.1578
2517,0.1581
2518,0.1581
2519,0.1589
2520,0.1578
2521,0.1578
2522,0.1579
2523,0.1577
2524,0.1582
2525,0.1582
2526,0.1582
2527,0.1579
2528,0.1577
2529,0.1582
2530,0.1579
2531,0.1579
2532,0.1582
2533,0.1583
2534,0.1591
2535,0.1681
2536,0.1841
2537,0.1832
2538,0.1833
2539,0.1829
2540,0.1826
2541,0.183
2542,0.183
2543,0.1824
2544,0.1819
2545,0.1823
2546,0.1834
2547,0.1805
2548,0.1818
2549,0.182
2550,0.181
2551,0.1815
2552,0.1817
2553,0.1814
2554,0.1815
2555,0.1814
2556,0.1818
2557,0.1793
2558,0.1794
2559,0.1815
2560,0.1815
2561,0.1825
2562,0.1822
2563,0.1817
2564,0.1814
2565,0.1817
2566,0.1841
2567,0.1983
2568,0.1984
2569,0.2
2570,0.3896
2571,0.5354
2572,0.537
2573,0.5484
2574,0.6099
2575,0.5694
2576,0.5687
2577,0.5673
2578,0.5664
2579,0.5659
2580,0.5884
2581,0.7195
2582,1.2277
2583,2.3404
2584,0.7046
2585,0.6884
2586,0.6806
2587,0.6879
2588,0.7489
2589,0.7617
2590,0.7667
2591,0.7646
2592,0.7203
2593,0.6877
2594,0.6927
2595,0.6925
2596,0.6928
2597,0.6922
2598,0.6919
2599,0.6934
2600,0.7026
2601,0.7038
2602,0.7095
2603,0.7164
2604,0.7142
2605,0.715
2606,0.715
2607,0.6959
2608,0.6979
2609,0.7071
2610,0.713
2611,0.7206
2612,0.7193
2613,0.7002
2614,0.7038
2615,0.6569
2616,0.5416
2617,0.5413
2618,0.5417
2619,0.5412
2620,0.5409
2621,0.5411
2622,0.5407
2623,0.5403
2624,0.3788
2625,0.1491
2626,0.148
2627,0.1483
2628,0.1483
2629,0.1483
2630,0.1479
2631,0.1475
2632,0.1476
2633,0.1473
2634,0.1472
2635,0.1466
2636,0.1457
2637,0.1456
2638,0.1448
2639,0.144
2640,0.1418
2641,0.143
2642,0.1418
2643,0.1416
2644,0.1406
2645,0.1406
2646,0.1406
2647,0.1402
2648,0.1404
2649,0.1409
2650,0.1454
2651,0.1482
2652,0.1486
2653,0.1405
2654,0.1333
2655,0.1272
2656,0.1275
2657,0.1532
2658,0.1425
2659,0.1374
2660,0.1288
2661,0.1235
2662,0.12
2663,0.1115
2664,0.1088
2665,0.106
2666,0.1047
2667,0.1035
2668,0.1016
2669,0.1
2670,0.098
2671,0.0972
2672,0.0958
2673,0.0946
2674,0.0968
2675,0.103
2676,0.1161
2677,0.1477
2678,0.112
2679,0.0987
2680,0.0936
2681,0.0863
2682,0.0818
2683,0.0815
2684,0.0797
2685,0.079
2686,0.0795
2687,0.0803
2688,0.0777
2689,0.0742
2690,0.0736
2691,0.0729
2692,0.0712
2693,0.0707
2694,0.0705
2695,0.0682
2696,0.0708
2697,0.0775
2698,0.0649
2699,0.0709
2700,0.0625
2701,0.0571
2702,0.0581
2703,0.058
2704,0.0586
2705,0.0589
2706,0.0585
2707,0.0583
2708,0.0581
2709,0.0582
2710,0.0583
2711,0.0587
2712,0.0586
2713,0.0586
2714,0.0585
2715,0.0584
2716,0.0581
2717,0.0918
2718,0.122
2719,0.1117
2720,0.1059
2721,0.1022
2722,0.1005
2723,0.1003
2724,0.0996
2725,0.0977
2726,0.097
2727,0.0957
2728,0.0949
2729,0.0945
2730,0.0943
2731,0.094
2732,0.0937
2733,0.1258
2734,0.1774
2735,0.1504
2736,0.1385
2737,0.1311
2738,0.1276
2739,0.1206
2740,0.12
2741,0.1211
2742,0.1226
2743,0.1389
2744,0.1437
2745,0.1565
2746,0.1636
2747,0.1682
2748,0.1716
2749,0.1783
2750,0.1799
2751,0.1786
2752,0.2129
2753,0.896
2754,0.7757
2755,0.1955
2756,0.1991
2757,0.2106
2758,0.2327
2759,0.2586
2760,0.2785
2761,0.3062
2762,0.3241
2763,0.3322
2764,0.3435
2765,0.3527
2766,0.3581
2767,0.3623
2768,0.3628
2769,0.3572
2770,0.3593
2771,0.3985
2772,0.4125
2773,0.4228
2774,0.4245
2775,0.4335
2776,0.447
2777,0.4515
2778,0.4553
2779,0.4448
2780,0.4492
2781,0.471
2782,0.4702
2783,0.4814
2784,0.4909
2785,0.4944
2786,0.489
2787,0.5037
2788,0.5027
2789,0.4528
2790,0.4246
2791,0.4183
2792,0.4362
2793,0.4977
2794,0.5167
2795,0.4716
2796,0.4709
2797,0.4906
2798,0.5325
2799,0.5644
2800,0.5701
2801,0.5668
2802,0.5738
2803,0.5921
2804,0.6029
2805,0.6142
2806,0.621
2807,0.6293
2808,0.6421
2809,0.6558
2810,0.6775
2811,0.6812
2812,0.6883
2813,0.7181
2814,0.755
2815,0.8129
2816,0.8034
2817,0.7272
2818,0.7301
2819,0.8082
2820,0.7233
2821,0.6473
2822,0.6528
2823,0.6777
2824,0.6872
2825,0.7053
2826,0.7299
2827,0.7189
2828,0.8032
2829,0.8138
2830,0.7982
2831,0.7502
2832,1.4066
2833,1.4075
2834,1.239
2835,1.3781
2836,1.3883
2837,1.3885
2838,1.2456
2839,1.4294
2840,1.4046
2841,1.2228
2842,1.4105
2843,1.4118
2844,1.3812
2845,1.3813
2846,1.3769
2847,1.3964
2848,1.4103
2849,1.3924
2850,1.3746
2851,1.3804
2852,1.3993
2853,1.3897
2854,1.3577
2855,1.3575
2856,1.3935
2857,1.3625
2858,1.3439
2859,1.3386
2860,1.3438
2861,1.3451
2862,1.2535
2863,0.9032
2864,0.9901
2865,1.0497
2866,1.0329
2867,0.9753
2868,0.975
2869,0.9501
2870,0.9359
2871,0.9519
2872,0.9565
2873,0.9838
2874,1.0002
2875,0.9929
2876,0.9829
2877,0.9991
2878,1.0359
2879,1.1403
2880,1.1851
2881,1.1279
2882,1.1613
2883,1.086
2884,1.1195
2885,1.2358
2886,1.2316
2887,1.2296
2888,1.2227
2889,1.229
2890,1.2276
2891,1.2301
2892,1.2288
2893,1.2301
2894,1.2299
2895,1.0167
2896,0.4534
2897,0.4022
2898,0.829
2899,1.1554
2900,1.1589
2901,0.8241
2902,0.7733
2903,1.1639
2904,1.1388
2905,1.1653
2906,1.2586
2907,1.1914
2908,1.1719
2909,1.1821
2910,1.2225
2911,1.2006
2912,0.7907
2913,0.9962
2914,0.8691
2915,0.8949
2916,0.899
2917,0.9052
2918,0.9081
2919,0.9548
2920,0.9545
2921,0.9394
2922,0.7704
2923,0.7176
2924,0.6913
2925,0.2855
2926,0.1946
2927,0.3367
2928,0.7776
2929,0.8016
2930,1.5943
2931,0.9699
2932,0.922
2933,0.6632
2934,0.9101
2935,0.6121
2936,0.3768
2937,0.3007
2938,0.2942
2939,1.1227
2940,0.5351
2941,1.3955
2942,0.7051
2943,0.9346
2944,0.8163
2945,0.9482
2946,0.1718
2947,0.1719
2948,0.1713
2949,0.1709
2950,0.1698
2951,0.1762
2952,0.2222
2953,0.4135
2954,0.5111
2955,0.7005
2956,1.1646
2957,1.6017
2958,0.9669
2959,1.2876
2960,1.7402
2961,1.7313
2962,1.1735
2963,0.4034
2964,0.9136
2965,1.5871
2966,1.5753
2967,1.5555
2968,1.4255
2969,1.136
2970,0.33
2971,0.3023
2972,0.2998
2973,0.2992
2974,0.2993
2975,0.3122
2976,0.3444
2977,0.307
2978,0.3018
2979,0.2873
2980,0.2659
2981,0.2518
2982,0.2512
2983,0.2496
2984,0.2481
2985,0.2461
2986,0.2449
2987,0.2443
2988,0.2427
2989,0.2421
2990,0.2376
2991,0.2368
2992,0.2241
2993,0.2359
2994,0.2353
2995,0.2343
2996,0.2627
2997,0.2633
2998,0.1881
2999,0.1435
3000,0.2636
3001,1.2374
3002,1.096
3003,0.6372
3004,1.4845
3005,1.1822
3006,0.52
3007,0.3668
3008,0.1417
3009,0.1406
3010,0.1391
3011,0.139
3012,0.1389
3013,0.1382
3014,0.1392
3015,0.1398
3016,0.1396
3017,0.1511
3018,0.1622
3019,0.8182
3020,0.8702
3021,0.931
3022,0.5749
3023,0.1413
3024,0.1238
3025,0.0725
3026,0.0921
3027,0.0983
3028,0.0978
3029,0.0716
3030,0.0417
3031,0.0395
3032,0.0819
3033,0.158
3034,0.2339
3035,0.2442
3036,0.2227
3037,0.2068
3038,0.1858
3039,0.1594
3040,0.13
3041,0.1018
3042,0.0681
3043,0.0631
3044,0.0632
3045,0.0642
3046,0.0689
3047,0.0361
3048,0.027
3049,0.0331
3050,0.0286
3051,0.0279
3052,0.0496
3053,0.1041
3054,0.2266
3055,0.7718
3056,0.9935
3057,0.82
3058,0.8036
3059,0.4852
3060,0.2059
3061,0.1252
3062,0.0989
3063,0.0728
3064,0.0372
3065,0.0308
3066,0.028
3067,0.0289
3068,0.0313
3069,0.0369
3070,0.0337
3071,0.0329
3072,0.0341
3073,0.044
3074,0.0514
3075,0.0521
3076,0.0473
3077,0.0375
3078,0.036
3079,0.0359
3080,0.0359
3081,0.0352
3082,0.0361
3083,0.0886
3084,0.1633
3085,0.0349
3086,0.0352
3087,0.0355
3088,0.0358
3089,0.035
3090,0.0347
3091,0.0914
3092,0.1031
3093,0.0954
3094,0.2037
3095,0.2377
3096,0.2313
3097,0.2259
3098,0.2219
3099,0.2192
3100,0.2166
3101,0.2185
3102,0.2167
3103,0.2168
3104,0.2288
3105,0.2417
3106,0.2655
3107,0.284
3108,0.2962
3109,0.3059
3110,0.3107
3111,0.3105
3112,0.3055
3113,0.3014
3114,0.2957
3115,0.293
3116,0.2892
3117,0.2861
3118,0.2832
3119,0.2824
3120,0.2814
3121,0.2783
3122,0.276
3123,0.2745
3124,0.2861
3125,0.2888
3126,0.2666
3127,0.2566
3128,0.2479
3129,0.2325
3130,0.23
3131,0.166
3132,0.0653
3133,0.0604
3134,0.0601
3135,0.0603
3136,0.0592
3137,0.0579
3138,0.0578
3139,0.0906
3140,0.5198
3141,0.2594
3142,0.182
3143,0.4921
3144,0.1715
3145,0.0564
3146,0.2165
3147,0.1057
3148,0.2184
3149,0.0646
3150,0.1121
3151,0.1453
3152,0.1158
3153,0.085
3154,0.0903
3155,0.092
3156,0.0967
3157,0.0855
3158,0.0825
3159,0.0874
3160,0.087
3161,0.1045
3162,0.1177
3163,0.1205
3164,0.1025
3165,0.098
3166,0.0922
3167,0.0833
3168,0.0831
3169,0.0831
3170,0.0829
3171,0.0826
3172,0.0732
3173,0.0732
3174,0.0728
3175,0.0722
3176,0.0715
3177,0.0721
3178,0.072
3179,0.0729
3180,0.0754
3181,0.0784
3182,0.0826
3183,0.0885
3184,0.0934
3185,0.0944
3186,0.0932
3187,0.0907
3188,0.0867
3189,0.082
3190,0.0757
3191,0.0674
3192,0.057
3193,0.0563
3194,0.0574
3195,0.0579
3196,0.0572
3197,0.0574
3198,0.057
3199,0.0575
3200,0.0548
3201,0.061
3202,0.0712
3203,0.0828
3204,0.089
3205,0.084
3206,0.0681
3207,0.0558
3208,0.0566
3209,0.057
3210,0.057
3211,0.0567
3212,0.0574
3213,0.0571
3214,0.0571
3215,0.0909
3216,0.2233
3217,0.2315
3218,0.2394
3219,0.2413
3220,0.2426
3221,0.2445
3222,0.2462
3223,0.246
3224,0.2459
3225,0.2464
3226,0.2474
3227,0.2477
3228,0.2486
3229,0.2498
3230,0.25
3231,0.2491
3232,0.2493
3233,0.2505
3234,0.2508
3235,0.2512
3236,0.2502
3237,0.2499
3238,0.2541
3239,0.2501
3240,0.2511
3241,0.2508
3242,0.2512
3243,0.2517
3244,0.2579
3245,0.2598
3246,0.2592
3247,0.2588
3248,0.2584
3249,0.2579
3250,0.2577
3251,0.2576
3252,0.2569
3253,0.1776
3254,0.1438
3255,0.145
3256,0.1451
3257,0.1451
3258,0.145
3259,0.1446
3260,0.145
3261,0.1446
3262,0.1451
3263,0.1451
3264,0.1449
3265,0.1451
3266,0.1456
3267,0.1454
3268,0.1448
3269,0.1448
3270,0.1452
3271,0.1454
3272,0.1456
3273,0.145
3274,0.1442
3275,0.1448
3276,0.1448
3277,0.145
3278,0.1451
3279,0.1456
3280,0.1455
3281,0.1451
3282,0.1455
3283,0.1452
3284,0.1451
3285,0.1451
3286,0.1451
3287,0.1452
3288,0.1447
3289,0.1454
3290,0.1454
3291,0.1455
3292,0.1456
3293,0.1454
3294,0.1454
3295,0.1455
3296,0.145
3297,0.1451
3298,0.1457
3299,0.1453
3300,0.1452
3301,0.1449
3302,0.1454
3303,0.1455
3304,0.1452
3305,0.1451
3306,0.1456
3307,0.1452
3308,0.1452
3309,0.1449
3310,0.1448
3311,0.1454
3312,0.1452
3313,0.1454
3314,0.145
3315,0.1454
3316,0.1453
3317,0.1453
3318,0.1457
3319,0.1455
3320,0.1453
3321,0.145
3322,0.1498
3323,0.1539
3324,0.1536
3325,0.154
3326,0.1541
3327,0.1544
3328,0.1542
3329,0.1542
3330,0.1541
3331,0.1542
3332,0.154
3333,0.1541
3334,0.1536
3335,0.1532
3336,0.154
3337,0.154
3338,0.1538
3339,0.1539
3340,0.3045
3341,0.2946
3342,0.2904
3343,0.2879
3344,0.287
3345,0.2859
3346,0.2849
3347,0.2845
3348,0.2839
3349,0.2836
3350,0.2828
3351,0.2821
3352,0.2819
3353,0.2814
3354,0.2817
3355,0.2809
3356,0.2807
3357,0.2799
3358,0.2791
3359,0.279
3360,0.2787
3361,0.2766
3362,0.2772
3363,0.2778
3364,0.2756
3365,0.2744
3366,0.2732
3367,0.2727
3368,0.2726
3369,0.2717
3370,0.2719
3371,0.271
3372,0.2703
3373,0.2707
3374,0.27
3375,0.2013
3376,0.1536
3377,0.1537
3378,0.1533
3379,0.154
3380,0.1858
3381,0.1912
3382,0.2055
3383,0.2051
3384,0.1763
3385,0.2337
3386,0.2566
3387,0.1829
3388,0.176
3389,0.1753
3390,0.1758
3391,0.1752
3392,0.1752
3393,0.1749
3394,0.1748
3395,0.1745
3396,0.1745
3397,0.1743
3398,0.1751
3399,0.1746
3400,0.1747
3401,0.1747
3402,0.175
3403,0.1747
3404,0.1744
3405,0.1749
3406,0.1747
3407,0.1743
3408,0.1747
3409,0.175
3410,0.1743
3411,0.175
3412,0.1745
3413,0.175
3414,0.1751
3415,0.1746
3416,0.1741
3417,0.1743
3418,0.1751
3419,0.1748
3420,0.1751
3421,0.175
3422,0.1751
3423,0.1877
3424,0.2901
3425,0.2286
3426,0.1544
3427,0.1723
3428,0.1801
3429,0.174
3430,0.1538
3431,0.1545
3432,0.1543
3433,0.154
3434,0.1537
3435,0.1537
3436,0.154
3437,0.1538
3438,0.1537
3439,0.1537
3440,0.1536
3441,0.1532
3442,0.1535
3443,0.1538
3444,0.1536
3445,0.1553
3446,0.1539
3447,0.1539
3448,0.1538
3449,0.1535
3450,0.154
3451,0.1537
3452,0.1542
3453,0.154
3454,0.1539
3455,0.1537
3456,0.1538
3457,0.1535
3458,0.153
3459,0.1535
3460,0.1536
3461,0.1537
3462,0.1536
3463,0.1532
3464,0.1531
3465,0.153
3466,0.1533
3467,0.1533
3468,0.1538
3469,0.1531
3470,0.1535
3471,0.1534
3472,0.1537
3473,0.1538
3474,0.1541
3475,0.3102
3476,0.2944
3477,0.2911
3478,0.2888
3479,0.2858
3480,0.2845
3481,0.2834
3482,0.2823
3483,0.2811
3484,0.2769
3485,0.2752
3486,0.2747
3487,0.2739
3488,0.2737
3489,0.2734
3490,0.2731
3491,0.2726
3492,0.2725
3493,0.2719
3494,0.2719
3495,0.2717
3496,0.271
3497,0.2693
3498,0.2676
3499,0.2674
3500,0.2662
3501,0.2661
3502,0.2653
3503,0.2648
3504,0.2644
3505,0.2636
3506,0.2641
3507,0.2634
3508,0.2628
3509,0.2046
3510,0.1463
3511,0.1465
3512,0.1468
3513,0.1467
3514,0.1469
3515,0.1471
3516,0.1467
3517,0.1472
3518,0.1468
3519,0.1468
3520,0.1468
3521,0.1467
3522,0.1466
3523,0.1469
3524,0.1468
3525,0.1466
3526,0.1461
3527,0.1463
3528,0.1471
3529,0.1464
3530,0.1464
3531,0.1465
3532,0.1461
3533,0.1457
3534,0.146
3535,0.1446
3536,0.1441
3537,0.1455
3538,0.148
3539,0.146
3540,0.1454
3541,0.1456
3542,0.1458
3543,0.1457
3544,0.1455
3545,0.1449
3546,0.145
3547,0.1418
3548,0.1449
3549,0.1446
3550,0.1448
3551,0.145
3552,0.145
3553,0.1427
3554,0.1448
3555,0.1449
3556,0.1445
3557,0.1447
3558,0.1446
3559,0.1447
3560,0.145
3561,0.1452
3562,0.1451
3563,0.1454
3564,0.1453
3565,0.1455
3566,0.1457
3567,0.1455
3568,0.1458
3569,0.1455
3570,0.1457
3571,0.1457
3572,0.1453
3573,0.1457
3574,0.1458
3575,0.1456
3576,0.1455
3577,0.1452
3578,0.1452
3579,0.1452
3580,0.1451
3581,0.1453
3582,0.1456
3583,0.1454
3584,0.1446
3585,0.1449
3586,0.1452
3587,0.1454
3588,0.1605
3589,0.1707
3590,0.171
3591,0.1704
3592,0.1702
3593,0.1703
3594,0.1508
3595,0.1457
3596,0.1456
3597,0.1452
3598,0.146
3599,0.1456
3600,0.1453
3601,0.1451
3602,0.1452
3603,0.1454
3604,0.1456
3605,0.1459
3606,0.1451
3607,0.1456
3608,0.1451
3609,0.2317
3610,0.2902
3611,0.2845
3612,0.282
3613,0.2794
3614,0.2787
3615,0.2781
3616,0.2774
3617,0.2766
3618,0.2756
3619,0.2944
3620,0.2994
3621,0.2985
3622,0.2983
3623,0.2862
3624,0.2846
3625,0.2965
3626,0.296
3627,0.2961
3628,0.2951
3629,0.2946
3630,0.2938
3631,0.2919
3632,0.2906
3633,0.2901
3634,0.268
3635,0.2652
3636,0.264
3637,0.2637
3638,0.2632
3639,0.2635
3640,0.2637
3641,0.263
3642,0.2624
3643,0.2621
3644,0.2124
3645,0.1451
3646,0.1452
3647,0.1454
3648,0.1453
3649,0.1456
3650,0.1643
3651,0.1704
3652,0.1522
3653,0.1447
3654,0.1446
3655,0.1451
3656,0.1447
3657,0.145
3658,0.1452
3659,0.1453
3660,0.1449
3661,0.1446
3662,0.1446
3663,0.1446
3664,0.1445
3665,0.1442
3666,0.1443
3667,0.1453
3668,0.1449
3669,0.1449
3670,0.1447
3671,0.1446
3672,0.1447
3673,0.1441
3674,0.1444
3675,0.1447
3676,0.1447
3677,0.1448
3678,0.1449
3679,0.145
3680,0.1449
3681,0.1448
3682,0.1449
3683,0.1451
3684,0.145
3685,0.145
3686,0.145
3687,0.1455
3688,0.1451
3689,0.1449
3690,0.1451
3691,0.145
3692,0.1451
3693,0.1448
3694,0.1453
3695,0.1456
3696,0.1453
3697,0.1452
3698,0.1444
3699,0.1452
3700,0.1448
3701,0.1451
3702,0.1449
3703,0.1447
3704,0.1447
3705,0.1449
3706,0.1449
3707,0.1448
3708,0.1449
3709,0.1453
3710,0.1453
3711,0.1456
3712,0.1448
3713,0.1447
3714,0.1446
3715,0.1454
3716,0.145
3717,0.1449
3718,0.1455
3719,0.1447
3720,0.1449
3721,0.1446
3722,0.1452
3723,0.1451
3724,0.1611
3725,0.1708
3726,0.1702
3727,0.1704
3728,0.1695
3729,0.1694
3730,0.1693
3731,0.1691
3732,0.1435
3733,0.1423
3734,0.1443
3735,0.1443
3736,0.1445
3737,0.145
3738,0.1446
3739,0.1444
3740,0.1446
3741,0.2977
3742,0.2853
3743,0.2823
3744,0.2799
3745,0.2782
3746,0.2767
3747,0.2756
3748,0.2745
3749,0.2734
3750,0.2723
3751,0.2716
3752,0.2715
3753,0.2716
3754,0.2711
3755,0.2707
3756,0.2702
3757,0.2702
3758,0.2697
3759,0.2695
3760,0.2687
3761,0.2666
3762,0.2658
3763,0.2648
3764,0.2639
3765,0.2641
3766,0.2633
3767,0.2628
3768,0.2625
3769,0.262
3770,0.262
3771,0.2614
3772,0.2611
3773,0.2608
3774,0.2604
3775,0.1477
3776,0.1446
3777,0.1442
3778,0.1442
3779,0.1445
3780,0.1443
3781,0.1445
3782,0.1442
3783,0.1444
3784,0.1446
3785,0.1444
3786,0.1448
3787,0.1446
3788,0.1444
3789,0.1446
3790,0.1441
3791,0.1443
3792,0.1442
3793,0.1442
3794,0.1444
3795,0.1443
3796,0.1448
3797,0.1447
3798,0.1446
3799,0.1446
3800,0.1445
3801,0.1442
3802,0.1439
3803,0.1441
3804,0.1438
3805,0.1443
3806,0.1444
3807,0.1446
3808,0.1442
3809,0.1442
3810,0.1443
3811,0.1446
3812,0.1444
3813,0.1443
3814,0.144
3815,0.1445
3816,0.1449
3817,0.1441
3818,0.1443
3819,0.1442
3820,0.1439
3821,0.1445
3822,0.1444
3823,0.1442
3824,0.1445
3825,0.1442
3826,0.1443
3827,0.1445
3828,0.1449
3829,0.1443
3830,0.1442
3831,0.144
3832,0.1441
3833,0.144
3834,0.1437
3835,0.1435
3836,0.1438
3837,0.144
3838,0.1441
3839,0.1441
3840,0.1421
3841,0.1421
3842,0.1442
3843,0.1442
3844,0.144
3845,0.1447
3846,0.1441
3847,0.1446
3848,0.1445
3849,0.1448
3850,0.1494
3851,0.1489
3852,0.1481
3853,0.1477
3854,0.1475
3855,0.1476
3856,0.1477
3857,0.1477
3858,0.1479
3859,0.1477
3860,0.1472
3861,0.1466
3862,0.1469
3863,0.1466
3864,0.1468
3865,0.1469
3866,0.1468
3867,0.1463
3868,0.1466
3869,0.1466
3870,0.1467
3871,0.1464
3872,0.1464
3873,0.1463
3874,0.1458
3875,0.1459
3876,0.1457
3877,0.1452
3878,0.1454
3879,0.2365
3880,0.2901
3881,0.2842
3882,0.2807
3883,0.2788
3884,0.2784
3885,0.2773
3886,0.2764
3887,0.2756
3888,0.2749
3889,0.2743
3890,0.2742
3891,0.2729
3892,0.2728
3893,0.272
3894,0.2718
3895,0.2715
3896,0.2711
3897,0.2703
3898,0.27
3899,0.2678
3900,0.2664
3901,0.2654
3902,0.2649
3903,0.2645
3904,0.2634
3905,0.263
3906,0.2621
3907,0.2618
3908,0.2624
3909,0.2616
3910,0.2617
3911,0.2615
3912,0.2612
3913,0.2094
3914,0.1447
3915,0.1449
3916,0.1446
3917,0.1452
3918,0.1448
3919,0.1448
3920,0.1452
3921,0.1451
3922,0.1452
3923,0.1458
3924,0.1457
3925,0.1453
3926,0.1449
3927,0.1454
3928,0.1451
3929,0.1454
3930,0.1457
3931,0.1455
3932,0.1455
3933,0.1455
3934,0.1461
3935,0.1458
3936,0.1458
3937,0.1459
3938,0.1454
3939,0.1454
3940,0.1455
3941,0.1456
3942,0.1461
3943,0.1458
3944,0.1456
3945,0.1458
3946,0.1459
3947,0.1459
3948,0.1456
3949,0.1458
3950,0.1453
3951,0.1453
3952,0.1454
3953,0.1451
3954,0.1449
3955,0.145
3956,0.1451
3957,0.145
3958,0.1449
3959,0.1449
3960,0.1452
3961,0.1448
3962,0.1449
3963,0.1446
3964,0.1443
3965,0.144
3966,0.1449
3967,0.1443
3968,0.1445
3969,0.1447
3970,0.1447
3971,0.1445
3972,0.1444
3973,0.1443
3974,0.1446
3975,0.1446
3976,0.1447
3977,0.1447
3978,0.1448
3979,0.1449
3980,0.145
3981,0.1446
3982,0.1445
3983,0.1445
3984,0.1444
3985,0.1446
3986,0.1442
3987,0.1444
3988,0.1443
3989,0.1443
3990,0.1445
3991,0.1446
3992,0.1447
3993,0.1445
3994,0.1445
3995,0.1447
3996,0.1447
3997,0.1448
3998,0.1451
3999,0.1448
4000,0.145
4001,0.145
4002,0.145
4003,0.1446
4004,0.1452
4005,0.1453
4006,0.1457
4007,0.1454
4008,0.1463
4009,0.1456
4010,0.1459
4011,0.1459
4012,0.1459
4013,0.1458
4014,0.1782
4015,0.2937
4016,0.2861
4017,0.2829
4018,0.2808
4019,0.2789
4020,0.2773
4021,0.2761
4022,0.2762
4023,0.2752
4024,0.2746
4025,0.2734
4026,0.2731
4027,0.2724
4028,0.2722
4029,0.2714
4030,0.2707
4031,0.2703
4032,0.2701
4033,0.2693
4034,0.2673
4035,0.2655
4036,0.2652
4037,0.2645
4038,0.2639
4039,0.2637
4040,0.2632
4041,0.2624
4042,0.2623
4043,0.262
4044,0.2613
4045,0.2611
4046,0.2605
4047,0.2602
4048,0.2363
4049,0.1442
4050,0.1442
4051,0.1444
4052,0.1438
4053,0.1441
4054,0.145
4055,0.1441
4056,0.1443
4057,0.1438
4058,0.144
4059,0.144
4060,0.1445
4061,0.1442
4062,0.1438
4063,0.1436
4064,0.1444
4065,0.1441
4066,0.1437
4067,0.1433
4068,0.1439
4069,0.1436
4070,0.1437
4071,0.1436
4072,0.1435
4073,0.1429
4074,0.1444
4075,0.1442
4076,0.1444
4077,0.1444
4078,0.1445
4079,0.1443
4080,0.1451
4081,0.1446
4082,0.1452
4083,0.1447
4084,0.1448
4085,0.1448
4086,0.1446
4087,0.1538
4088,0.1537
4089,0.1519
4090,0.1515
4091,0.1449
4092,0.1445
4093,0.1442
4094,0.1445
4095,0.1444
4096,0.145
4097,0.1455
4098,0.1455
4099,0.1448
4100,0.1448
4101,0.1442
4102,0.1437
4103,0.1435
4104,0.1425
4105,0.1419
4106,0.1427
4107,0.1433
4108,0.1437
4109,0.1445
4110,0.1445
4111,0.1457
4112,0.1459
4113,0.1453
4114,0.1442
4115,0.1438
4116,0.1438
4117,0.1436
4118,0.1433
4119,0.1426
4120,0.1422
4121,0.1425
4122,0.1435
4123,0.1436
4124,0.1444
4125,0.1443
4126,0.1451
4127,0.1444
4128,0.1438
4129,0.1437
4130,0.1431
4131,0.1421
4132,0.1413
4133,0.1413
4134,0.1414
4135,0.1413
4136,0.1416
4137,0.141
4138,0.1416
4139,0.1414
4140,0.1409
4141,0.14
4142,0.1395
4143,0.1393
4144,0.1812
4145,0.4299
4146,0.476
4147,0.4789
4148,0.4733
4149,0.4646
4150,0.5014
4151,0.4955
4152,0.5268
4153,0.5951
4154,0.589
4155,0.588
4156,0.5847
4157,0.5781
4158,0.5713
4159,0.5684
4160,0.5646
4161,0.5628
4162,0.5614
4163,0.5578
4164,0.5554
4165,0.5604
4166,0.5663
4167,0.5664
4168,0.5601
4169,0.5488
4170,0.5319
4171,0.5329
4172,0.5413
4173,0.5457
4174,0.5451
4175,0.5389
4176,0.5346
4177,0.537
4178,0.5468
4179,0.5544
4180,0.5563
4181,0.554
4182,0.5469
4183,0.5344
4184,0.5176
4185,0.5019
4186,0.4857
4187,0.4808
4188,0.3927
4189,0.3959
4190,0.3947
4191,0.3979
4192,0.4109
4193,0.4162
4194,0.4188
4195,0.4185
4196,0.4183
4197,0.4173
4198,0.4161
4199,0.4071
4200,0.3962
4201,0.3925
4202,0.3949
4203,0.3944
4204,0.3965
4205,0.3959
4206,0.3953
4207,0.3929
4208,0.3871
4209,0.3904
4210,0.3903
4211,0.3894
4212,0.3906
4213,0.3847
4214,0.3792
4215,0.3793
4216,0.3826
4217,0.3891
4218,0.3835
4219,0.3852
4220,0.3866
4221,0.3905
4222,0.3879
4223,0.3887
4224,0.3912
4225,0.3901
4226,0.3883
4227,0.3902
4228,0.3893
4229,0.385
4230,0.3912
4231,0.3914
4232,0.3912
4233,0.3911
4234,0.3912
4235,0.3921
4236,0.3906
4237,0.3892
4238,0.3915
4239,0.3902
4240,0.3906
4241,0.3908
4242,0.3912
4243,0.3866
4244,0.3853
4245,0.3872
4246,0.3888
4247,0.3894
4248,0.3889
4249,0.3884
4250,0.3897
4251,0.391
4252,0.3914
4253,0.3871
4254,0.4583
4255,0.7594
4256,0.7804
4257,0.7908
4258,0.8146
4259,0.8093
4260,0.8398
4261,0.8354
4262,0.8363
4263,0.8302
4264,0.8247
4265,0.8268
4266,0.8314
4267,0.8387
4268,0.8467
4269,0.872
4270,0.8833
4271,0.8778
4272,0.8739
4273,0.8611
4274,0.7763
4275,0.4802
4276,0.3912
4277,0.7279
4278,0.8711
4279,0.8919
4280,0.9376
4281,0.9511
4282,0.9718
4283,0.9633
4284,0.9598
4285,0.9717
4286,0.9988
4287,1.0011
4288,1.0085
4289,0.9807
4290,0.9422
4291,0.9326
4292,0.938
4293,0.959
4294,0.9799
4295,0.9944
4296,0.994
4297,0.9867
4298,0.9644
4299,0.9581
4300,0.9629
4301,0.9588
4302,0.9679
4303,0.9475
4304,0.9809
4305,1.0028
4306,1.0234
4307,1.0457
4308,1.06
4309,1.0682
4310,1.064
4311,1.0757
4312,1.082
4313,1.096
4314,1.0897
4315,1.1053
4316,1.1273
4317,1.1563
4318,0.8095
4319,0.9159
4320,0.9385
4321,0.7935
4322,1.1511
4323,1.0698
4324,0.5649
4325,0.9262
4326,1.2509
4327,1.2117
4328,0.9401
4329,1.2603
4330,1.1596
4331,1.1621
4332,1.1562
4333,0.9492
4334,0.3917
4335,0.3919
4336,0.3924
4337,0.3918
4338,0.3922
4339,0.393
4340,0.3939
4341,0.6516
4342,0.7098
4343,1.276
4344,1.2732
4345,1.2186
4346,1.1163
4347,1.1397
4348,1.2985
4349,1.3641
4350,1.3242
4351,0.5455
4352,1.0783
4353,1.1966
4354,0.8261
4355,0.896
4356,0.393
4357,0.3912
4358,0.4077
4359,0.4385
4360,0.3916
4361,0.3915
4362,0.3918
4363,1.0413
4364,1.0032
4365,1.3482
4366,1.3214
4367,1.3004
4368,1.3152
4369,1.3329
4370,1.3647
4371,1.3689
4372,1.3438
4373,1.3256
4374,1.2998
4375,1.3171
4376,1.3004
4377,1.3171
4378,1.3348
4379,1.3686
4380,1.4151
4381,1.4439
4382,1.4243
4383,1.4237
4384,1.3959
4385,1.3774
4386,1.3665
4387,1.3803
4388,1.3689
4389,1.3702
4390,1.4182
4391,1.4053
4392,1.4109
4393,1.3796
4394,1.4045
4395,1.4254
4396,1.3514
4397,1.0994
4398,1.4213
4399,1.338
4400,0.4013
4401,0.5452
4402,0.7822
4403,0.3983
4404,1.2156
4405,1.1894
4406,0.7987
4407,1.3012
4408,1.2611
4409,1.0637
4410,0.3876
4411,0.3907
4412,0.3913
4413,0.3918
4414,0.391
4415,0.3975
4416,0.731
4417,1.3946
4418,1.3806
4419,1.4376
4420,1.4104
4421,1.3633
4422,1.1022
4423,1.23
4424,1.2947
4425,1.2482
4426,1.1698
4427,1.2609
4428,1.1809
4429,0.5919
4430,1.1128
4431,0.908
4432,1.2262
4433,1.2173
4434,1.1705
4435,1.2446
4436,1.2385
4437,1.2534
4438,1.2314
4439,1.2296
4440,1.2189
4441,1.2149
4442,1.2128
4443,1.2322
4444,1.2345
4445,1.234
4446,1.2271
4447,1.2206
4448,1.2238
4449,1.2746
4450,1.2644
4451,1.1906
4452,1.1561
4453,1.1288
4454,1.1232
4455,1.0956
4456,1.118
4457,1.2471
4458,1.3062
4459,1.3001
4460,1.2846
4461,1.2655
4462,1.2666
4463,1.2272
4464,1.2208
4465,1.2313
4466,1.2339
4467,1.2179
4468,1.2291
4469,1.2168
4470,1.156
4471,1.1113
4472,1.109
4473,0.6859
4474,0.4688
4475,1.023
4476,1.1498
4477,1.2093
4478,1.0685
4479,0.7366
4480,0.3911
4481,0.7554
4482,1.201
4483,1.1903
4484,1.1862
4485,1.1771
4486,1.1418
4487,1.155
4488,1.1626
4489,1.1517
4490,1.1158
4491,1.067
4492,1.0749
4493,0.727
4494,1.0485
4495,1.1915
4496,1.1447
4497,1.1438
4498,1.0966
4499,1.1305
4500,1.124
4501,1.0906
4502,1.0584
4503,1.0203
4504,0.7341
4505,0.4169
4506,0.5614
4507,0.7876
4508,0.8205
4509,0.979
4510,0.752
4511,0.5587
4512,0.391
4513,0.3919
4514,0.3905
4515,0.3879
4516,0.3911
4517,0.7366
4518,1.0576
4519,0.9829
4520,1.0116
4521,1.0536
4522,1.0763
4523,1.057
4524,1.0046
4525,0.8412
4526,0.393
4527,0.7401
4528,1.0837
4529,1.0603
4530,1.0492
4531,1.0111
4532,0.9736
4533,0.9386
4534,0.8772
4535,0.8683
4536,0.8558
4537,0.5128
4538,0.4939
4539,0.8566
4540,0.8054
4541,0.7288
4542,0.7487
4543,0.4129
4544,0.3909
4545,0.4502
4546,0.6749
4547,0.9211
4548,0.9214
4549,0.9124
4550,0.857
4551,0.5193
4552,0.5672
4553,0.6627
4554,0.7603
4555,0.403
4556,0.3396
4557,0.5876
4558,0.4667
4559,0.3253
4560,0.3487
4561,0.3606
4562,0.6749
4563,0.4993
4564,0.3958
4565,0.4062
4566,0.3933
4567,0.5144
4568,0.6388
4569,0.3976
4570,0.4147
4571,0.4278
4572,0.4056
4573,0.3792
4574,0.691
4575,0.6736
4576,0.413
4577,0.4016
4578,0.5072
4579,0.5592
4580,0.5485
4581,0.6373
4582,0.6009
4583,0.6088
4584,0.6013
4585,0.5939
4586,0.6034
4587,0.6351
4588,0.6179
4589,0.605
4590,0.5948
4591,0.5739
4592,0.5457
4593,0.5573
4594,0.5451
4595,0.5203
4596,0.531
4597,0.5506
4598,0.5508
4599,0.5166
4600,0.4926
4601,0.4039
4602,0.3869
4603,0.3821
4604,0.3862
4605,0.4308
4606,0.4692
4607,0.4685
4608,0.4658
4609,0.4281
4610,0.4446
4611,0.4375
4612,0.4354
4613,0.4265
4614,0.4256
4615,0.423
4616,0.4303
4617,0.4276
4618,0.4273
4619,0.4121
4620,0.3919
4621,0.3852
4622,0.3833
4623,0.3933
4624,0.387
4625,0.391
4626,0.3836
4627,0.3763
4628,0.3735
4629,0.3735
4630,0.3811
4631,0.3924
4632,0.3907
4633,0.383
4634,0.3913
4635,0.3928
4636,0.3875
4637,0.3879
4638,0.3959
4639,0.4102
4640,0.4171
4641,0.4048
4642,0.395
4643,0.3932
4644,0.3827
4645,0.3943
4646,0.3815
4647,0.368
4648,0.3904
4649,0.3863
4650,0.3801
4651,0.3832
4652,0.3895
4653,0.3881
4654,0.3816
4655,0.3756
4656,0.3836
4657,0.3817
4658,0.3776
4659,0.3702
4660,0.3888
4661,0.3941
4662,0.3949
4663,0.3942
4664,0.3973
4665,0.3839
4666,0.3865
4667,0.3864
4668,0.3836
4669,0.391
4670,0.3821
4671,0.4062
4672,0.4072
4673,0.4078
4674,0.408
4675,0.4098
4676,0.4079
4677,0.3971
4678,0.4056
4679,0.3796
4680,0.4085
4681,0.4564
4682,0.5233
4683,0.5153
4684,0.4993
4685,0.474
4686,0.4706
4687,0.4637
4688,0.4677
4689,0.458
4690,0.4569
4691,0.4687
4692,0.4709
4693,0.4836
4694,0.4789
4695,0.4797
4696,0.4972
4697,0.4662
4698,0.4991
4699,0.5189
4700,0.5246
4701,0.545
4702,0.5572
4703,0.5724
4704,0.5728
4705,0.5668
4706,0.569
4707,0.5701
4708,0.5907
4709,0.5944
4710,0.5972
4711,0.6032
4712,0.6074
4713,0.6076
4714,0.6077
4715,0.6021
4716,0.5521
4717,0.4849
4718,0.4843
4719,0.4771
4720,0.4858
4721,0.4879
4722,0.4916
4723,0.4915
4724,0.491
4725,0.4903
4726,0.487
4727,0.4847
4728,0.4861
4729,0.4841
4730,0.4879
4731,0.4858
4732,0.4652
4733,0.4825
4734,0.4823
4735,0.4894
4736,0.4884
4737,0.4874
4738,0.4851
4739,0.4715
4740,0.4781
4741,0.4788
4742,0.4832
4743,0.4865
4744,0.4859
4745,0.4857
4746,0.4836
4747,0.4596
4748,0.4765
4749,0.4842
4750,0.4702
4751,0.4814
4752,0.4825
4753,0.4489
4754,0.4529
4755,0.4775
4756,0.447
4757,0.4834
4758,0.4852
4759,0.4814
4760,0.4651
4761,0.4536
4762,0.4745
4763,0.4822
4764,0.4814
4765,0.4792
4766,0.4665
4767,0.4855
4768,0.4856
4769,0.486
4770,0.4816
4771,0.4802
4772,0.4796
4773,0.4685
4774,0.475
4775,0.4699
4776,0.4644
4777,0.4707
4778,0.4816
4779,0.4872
4780,0.4866
4781,0.4841
4782,0.484
4783,0.4861
4784,0.474
4785,0.4731
4786,0.4868
4787,0.486
4788,0.4838
4789,0.4788
4790,0.4755
4791,0.4819
4792,0.4783
4793,0.4771
4794,0.48
4795,0.489
4796,0.4873
4797,0.4826
4798,0.474
4799,0.4667
4800,0.4729
4801,0.4831
4802,0.478
4803,0.4814
4804,0.4823
4805,0.4759
4806,0.4771
4807,0.4616
4808,0.4851
4809,0.517
4810,0.521
4811,0.493
4812,0.4826
4813,0.5515
4814,0.6264
4815,0.6067
4816,0.5953
4817,0.611
4818,0.6203
4819,0.6209
4820,0.6173
4821,0.6037
4822,0.614
4823,0.6069
4824,0.6152
4825,0.6139
4826,0.6
4827,0.6114
4828,0.5989
4829,0.5992
4830,0.6097
4831,0.6125
4832,0.6082
4833,0.6042
4834,0.5931
4835,0.5975
4836,0.5819
4837,0.5722
4838,0.5994
4839,0.5986
4840,0.6007
4841,0.6048
4842,0.5981
4843,0.6046
4844,0.6028
4845,0.6026
4846,0.6012
4847,0.5955
4848,0.5208
4849,0.4709
4850,0.479
4851,0.4472
4852,0.4858
4853,0.4866
4854,0.4853
4855,0.4839
4856,0.4694
4857,0.4659
4858,0.48
4859,0.4779
4860,0.4717
4861,0.4862
4862,0.4805
4863,0.4764
4864,0.477
4865,0.4764
4866,0.4709
4867,0.4848
4868,0.4853
4869,0.4841
4870,0.4519
4871,0.4685
4872,0.4751
4873,0.4713
4874,0.4696
4875,0.4667
4876,0.4576
4877,0.472
4878,0.487
4879,0.4861
4880,0.4641
4881,0.4809
4882,0.4793
4883,0.4779
4884,0.4563
4885,0.4852
4886,0.3982
4887,0.1476
4888,0.1478
4889,0.1477
4890,0.1474
4891,0.1477
4892,0.1476
4893,0.1478
4894,0.1482
4895,0.1481
4896,0.1485
4897,0.1482
4898,0.1479
4899,0.1482
4900,0.1477
4901,0.148
4902,0.1483
4903,0.1479
4904,0.1467
4905,0.1448
4906,0.1454
4907,0.145
4908,0.1452
4909,0.145
4910,0.145
4911,0.1462
4912,0.1462
4913,0.1452
4914,0.1449
4915,0.1447
4916,0.1448
4917,0.1446
4918,0.1447
4919,0.1443
4920,0.1445
4921,0.1449
4922,0.1448
4923,0.1453
4924,0.1445
4925,0.145
4926,0.1458
4927,0.1453
4928,0.145
4929,0.1449
4930,0.1452
4931,0.1444
4932,0.1451
4933,0.1453
4934,0.1454
4935,0.1456
4936,0.1454
4937,0.1458
4938,0.1452
4939,0.1452
4940,0.1454
4941,0.1453
4942,0.1455
4943,0.1458
4944,0.1453
4945,0.1457
4946,0.1455
4947,0.1455
4948,0.1455
4949,0.2581
4950,0.2884
4951,0.284
4952,0.2811
4953,0.279
4954,0.2779
4955,0.2768
4956,0.2762
4957,0.2754
4958,0.2747
4959,0.2739
4960,0.2734
4961,0.2729
4962,0.2727
4963,0.2721
4964,0.2714
4965,0.2721
4966,0.2704
4967,0.2685
4968,0.2671
4969,0.2668
4970,0.2663
4971,0.2659
4972,0.265
4973,0.2652
4974,0.2652
4975,0.2649
4976,0.2645
4977,0.2632
4978,0.2632
4979,0.2628
4980,0.2627
4981,0.2623
4982,0.2614
4983,0.1451
4984,0.1449
4985,0.1446
4986,0.1449
4987,0.145
4988,0.1443
4989,0.145
4990,0.1444
4991,0.1444
4992,0.1441
4993,0.1446
4994,0.1445
4995,0.1446
4996,0.1444
4997,0.1445
4998,0.1447
4999,0.1446
5000,0.1445
5001,0.1442
5002,0.1449
5003,0.1445
5004,0.1446
5005,0.1446
5006,0.1443
5007,0.1446
5008,0.1446
5009,0.1445
5010,0.1446
5011,0.1447
5012,0.1449
5013,0.1448
5014,0.1451
5015,0.1444
5016,0.1446
5017,0.1447
5018,0.1445
5019,0.1446
5020,0.1444
5021,0.1443
5022,0.1445
5023,0.1446
5024,0.1446
5025,0.1438
5026,0.144
5027,0.1442
5028,0.1444
5029,0.1447
5030,0.1446
5031,0.1448
5032,0.1448
5033,0.1445
5034,0.1446
5035,0.1447
5036,0.1453
5037,0.1447
5038,0.1447
5039,0.1444
5040,0.1448
5041,0.1449
5042,0.1434
5043,0.1442
5044,0.1446
5045,0.1443
5046,0.1448
5047,0.1447
5048,0.1447
5049,0.1447
5050,0.1445
5051,0.1445
5052,0.1445
5053,0.1442
5054,0.1451
5055,0.1443
5056,0.1446
5057,0.1446
5058,0.1447
5059,0.1449
5060,0.1451
5061,0.1448
5062,0.1446
5063,0.1447
5064,0.1444
5065,0.1444
5066,0.1444
5067,0.145
5068,0.1451
5069,0.145
5070,0.1446
5071,0.1452
5072,0.145
5073,0.1452
5074,0.1453
5075,0.1451
5076,0.1452
5077,0.1451
5078,0.1453
5079,0.1452
5080,0.1447
5081,0.1443
5082,0.1445
5083,0.1451
5084,0.1448
5085,0.3034
5086,0.2853
5087,0.2827
5088,0.2797
5089,0.2778
5090,0.2765
5091,0.2757
5092,0.2747
5093,0.2741
5094,0.2739
5095,0.2727
5096,0.2718
5097,0.2714
5098,0.2709
5099,0.2705
5100,0.2701
5101,0.2683
5102,0.267
5103,0.2657
5104,0.2656
5105,0.2653
5106,0.2649
5107,0.2643
5108,0.2637
5109,0.2633
5110,0.2635
5111,0.2626
5112,0.2622
5113,0.2619
5114,0.2619
5115,0.2616
5116,0.2611
5117,0.2601
5118,0.2176
5119,0.1454
5120,0.1454
5121,0.1455
5122,0.1448
5123,0.1449
5124,0.1447
5125,0.1445
5126,0.145
5127,0.1455
5128,0.1453
5129,0.1457
5130,0.1451
5131,0.1456
5132,0.1451
5133,0.1455
5134,0.1462
5135,0.1451
5136,0.1451
5137,0.145
5138,0.1453
5139,0.1449
5140,0.1451
5141,0.1455
5142,0.1455
5143,0.1455
5144,0.1458
5145,0.1455
5146,0.1454
5147,0.1457
5148,0.1454
5149,0.1451
5150,0.145
5151,0.1449
5152,0.1447
5153,0.1448
5154,0.1448
5155,0.145
5156,0.1452
5157,0.1453
5158,0.1449
5159,0.1447
5160,0.1455
5161,0.145
5162,0.145
5163,0.145
5164,0.1454
5165,0.1455
5166,0.1457
5167,0.1456
5168,0.1456
5169,0.1454
5170,0.1452
5171,0.1452
5172,0.1457
5173,0.1455
5174,0.146
5175,0.1457
5176,0.1454
5177,0.1454
5178,0.1453
5179,0.1454
5180,0.1453
5181,0.1452
5182,0.1456
5183,0.1455
5184,0.1456
5185,0.1455
5186,0.145
5187,0.1454
5188,0.1453
5189,0.1453
5190,0.1452
5191,0.1455
5192,0.1459
5193,0.1533
5194,0.1531
5195,0.1525
5196,0.1519
5197,0.1513
5198,0.151
5199,0.1502
5200,0.1508
5201,0.1492
5202,0.1495
5203,0.1487
5204,0.1495
5205,0.1484
5206,0.1482
5207,0.1479
5208,0.1478
5209,0.1486
5210,0.1483
5211,0.1481
5212,0.1486
5213,0.1481
5214,0.148
5215,0.1486
5216,0.1484
5217,0.1482
5218,0.1484
5219,0.1485
5220,0.2695
5221,0.2899
5222,0.2854
5223,0.2833
5224,0.2817
5225,0.28
5226,0.2788
5227,0.278
5228,0.2769
5229,0.2767
5230,0.2765
5231,0.2756
5232,0.2744
5233,0.272
5234,0.2719
5235,0.2713
5236,0.2694
5237,0.2679
5238,0.2668
5239,0.2661
5240,0.2658
5241,0.2652
5242,0.2646
5243,0.265
5244,0.2643
5245,0.2644
5246,0.263
5247,0.2627
5248,0.2618
5249,0.2615
5250,0.2619
5251,0.2618
5252,0.2288
5253,0.1459
5254,0.1457
5255,0.1454
5256,0.1449
5257,0.1447
5258,0.1446
5259,0.1442
5260,0.1444
5261,0.1442
5262,0.1445
5263,0.1433
5264,0.142
5265,0.1446
5266,0.1449
5267,0.1447
5268,0.1447
5269,0.1452
5270,0.1446
5271,0.145
5272,0.1451
5273,0.1455
5274,0.145
5275,0.1449
5276,0.1444
5277,0.1453
5278,0.1452
5279,0.1452
5280,0.1441
5281,0.1424
5282,0.1443
5283,0.1451
5284,0.1448
5285,0.1445
5286,0.1445
5287,0.1447
5288,0.1446
5289,0.1444
5290,0.1444
5291,0.1446
5292,0.1446
5293,0.144
5294,0.1445
5295,0.1443
5296,0.1443
5297,0.1443
5298,0.1444
5299,0.1442
5300,0.1441
5301,0.1437
5302,0.1439
5303,0.1443
5304,0.1442
5305,0.1445
5306,0.144
5307,0.1438
5308,0.1441
5309,0.1439
5310,0.1443
5311,0.1438
5312,0.1437
5313,0.1441
5314,0.1439
5315,0.1441
5316,0.1442
5317,0.1441
5318,0.1444
5319,0.1441
5320,0.1439
5321,0.1442
5322,0.1442
5323,0.1443
5324,0.1444
5325,0.1446
5326,0.1439
5327,0.1439
5328,0.1444
5329,0.1443
5330,0.1447
5331,0.145
5332,0.1444
5333,0.1446
5334,0.145
5335,0.1449
5336,0.1445
5337,0.1443
5338,0.1444
5339,0.1445
5340,0.1448
5341,0.1447
5342,0.1448
5343,0.1448
5344,0.1444
5345,0.1447
5346,0.145
5347,0.1452
5348,0.1446
5349,0.1449
5350,0.1444
5351,0.1447
5352,0.1449
5353,0.1444
5354,0.1449
5355,0.1446
5356,0.1445
5357,0.1447
5358,0.144
5359,0.1442
5360,0.1441
5361,0.1442
5362,0.2334
5363,0.2887
5364,0.2825
5365,0.2793
5366,0.2773
5367,0.2754
5368,0.2739
5369,0.2732
5370,0.2727
5371,0.2721
5372,0.2717
5373,0.272
5374,0.2713
5375,0.2715
5376,0.2715
5377,0.269
5378,0.2673
5379,0.2658
5380,0.2651
5381,0.2646
5382,0.2633
5383,0.2628
5384,0.2622
5385,0.2619
5386,0.2626
5387,0.2613
5388,0.261
5389,0.261
5390,0.2607
5391,0.2602
5392,0.2599
5393,0.2599
5394,0.2332
5395,0.1451
5396,0.1451
5397,0.1455
5398,0.1457
5399,0.1454
5400,0.1452
5401,0.145
5402,0.1456
5403,0.145
5404,0.1449
5405,0.1451
5406,0.1454
5407,0.1451
5408,0.1451
5409,0.1451
5410,0.1448
5411,0.145
5412,0.1447
5413,0.1447
5414,0.1449
5415,0.1449
5416,0.1454
5417,0.1454
5418,0.1452
5419,0.1457
5420,0.1453
5421,0.1454
5422,0.1452
5423,0.1456
5424,0.1454
5425,0.1457
5426,0.145
5427,0.1455
5428,0.146
5429,0.1461
5430,0.1464
5431,0.146
5432,0.1461
5433,0.1459
5434,0.1459
5435,0.1458
5436,0.1453
5437,0.1455
5438,0.1457
5439,0.1453
5440,0.1453
5441,0.1456
5442,0.145
5443,0.1454
5444,0.1453
5445,0.1458
5446,0.146
5447,0.1458
5448,0.1459
5449,0.1455
5450,0.1457
5451,0.1457
5452,0.1458
5453,0.146
5454,0.1458
5455,0.1457
5456,0.1459
5457,0.1458
5458,0.1454
5459,0.1458
5460,0.1463
5461,0.1463
5462,0.1461
5463,0.1457
5464,0.1457
5465,0.1456
5466,0.1458
5467,0.146
5468,0.1455
5469,0.1459
5470,0.1453
5471,0.1455
5472,0.1456
5473,0.1458
5474,0.1456
5475,0.1455
5476,0.1456
5477,0.1455
5478,0.1456
5479,0.1456
5480,0.1459
5481,0.1456
5482,0.1457
5483,0.1457
5484,0.146
5485,0.146
5486,0.1461
5487,0.146
5488,0.1463
5489,0.1467
5490,0.1464
5491,0.1468
5492,0.1461
5493,0.1465
5494,0.146
5495,0.1468
5496,0.1467
5497,0.1463
5498,0.1469
5499,0.1462
5500,0.1466
5501,0.1459
5502,0.1455
5503,0.1454
5504,0.1457
5505,0.1455
5506,0.1452
5507,0.1443
5508,0.3042
5509,0.2858
5510,0.2835
5511,0.2798
5512,0.2781
5513,0.2759
5514,0.2737
5515,0.2716
5516,0.2717
5517,0.2705
5518,0.2694
5519,0.2689
5520,0.2683
5521,0.2673
5522,0.2651
5523,0.2636
5524,0.2621
5525,0.2619
5526,0.2608
5527,0.2442
5528,0.2398
5529,0.2305
5530,0.2383
5531,0.2561
5532,0.263
5533,0.2607
5534,0.2575
5535,0.2514
5536,0.245
5537,0.2375
5538,0.2278
5539,0.2211
5540,0.2209
5541,0.1202
5542,0.1597
5543,0.1713
5544,0.172
5545,0.1598
5546,0.1273
5547,0.118
5548,0.1505
5549,0.1459
5550,0.162
5551,0.1633
5552,0.1638
5553,0.1666
5554,0.1653
5555,0.1543
5556,0.1415
5557,0.1591
5558,0.1278
5559,0.1161
5560,0.1145
5561,0.112
5562,0.1154
5563,0.1171
5564,0.1157
5565,0.117
5566,0.122
5567,0.1204
5568,0.1122
5569,0.1076
5570,0.1078
5571,0.1077
5572,0.1035
5573,0.0979
5574,0.0914
5575,0.0863
5576,0.083
5577,0.0759
5578,0.0761
5579,0.0789
5580,0.0762
5581,0.0714
5582,0.0712
5583,0.0704
5584,0.0678
5585,0.066
5586,0.069
5587,0.0684
5588,0.0692
5589,0.0731
5590,0.07
5591,0.0627
5592,0.0669
5593,0.0702
5594,0.0699
5595,0.0717
5596,0.0707
5597,0.0711
5598,0.0711
5599,0.0715
5600,0.0716
5601,0.0705
5602,0.0713
5603,0.0726
5604,0.0704
5605,0.0709
5606,0.0713
5607,0.0727
5608,0.0719
5609,0.0754
5610,0.0854
5611,0.0728
5612,0.0814
5613,0.0822
5614,0.0825
5615,0.1059
5616,0.1315
5617,0.139
5618,0.1384
5619,0.1435
5620,0.1309
5621,0.1153
5622,0.1303
5623,0.2298
5624,0.3478
5625,0.3348
5626,0.3383
5627,0.283
5628,0.2273
5629,0.2137
5630,0.2251
5631,0.2658
5632,0.3045
5633,0.2639
5634,0.2623
5635,0.2671
5636,0.2563
5637,0.2488
5638,0.2258
5639,0.3279
5640,0.3327
5641,0.3287
5642,0.1864
5643,0.3175
5644,0.3684
5645,0.3831
5646,0.4249
5647,0.4381
5648,0.4345
5649,0.4443
5650,0.4
5651,0.1915
5652,0.4402
5653,0.4494
5654,0.4715
5655,0.486
5656,0.4934
5657,0.4974
5658,0.4898
5659,0.483
5660,0.4783
5661,0.4984
5662,0.5491
5663,0.5974
5664,0.6081
5665,0.6096
5666,0.5913
5667,0.5877
5668,0.611
5669,0.6381
5670,0.5674
5671,0.2397
5672,0.5394
5673,0.6767
5674,0.366
5675,0.3798
5676,0.3942
5677,0.4714
5678,0.7121
5679,0.7429
5680,0.7412
5681,0.7472
5682,0.7781
5683,0.7178
5684,0.8154
5685,0.8539
5686,0.9013
5687,0.8818
5688,0.8811
5689,0.8709
5690,0.8604
5691,0.8943
5692,0.9474
5693,0.9661
5694,0.9616
5695,0.9762
5696,0.9861
5697,1.0113
5698,1.0492
5699,1.0574
5700,1.0623
5701,1.0586
5702,1.047
5703,1.0332
5704,1.0432
5705,1.0543
5706,1.0612
5707,1.0637
5708,1.0715
5709,1.6427
5710,1.5956
5711,1.0878
5712,1.0867
5713,1.0946
5714,1.3967
5715,1.2344
5716,1.1291
5717,1.132
5718,1.1105
5719,1.1048
5720,1.0931
5721,1.103
5722,1.1159
5723,1.0989
5724,1.1137
5725,1.1228
5726,1.1643
5727,1.2013
5728,1.2302
5729,1.2314
5730,1.1915
5731,1.2218
5732,1.2448
5733,1.2575
5734,1.2612
5735,1.2542
5736,1.2437
5737,1.2654
5738,1.2948
5739,1.3017
5740,1.2953
5741,1.1951
5742,1.0973
5743,0.496
5744,0.2848
5745,0.2133
5746,0.2982
5747,0.7919
5748,0.2866
5749,0.2267
5750,0.2326
5751,0.4559
5752,1.4794
5753,0.6798
5754,1.4503
5755,1.7563
5756,1.5279
5757,0.4227
5758,0.6064
5759,1.652
5760,1.5786
5761,1.6285
5762,1.5781
5763,1.584
5764,1.5941
5765,1.4392
5766,1.3722
5767,0.4282
5768,0.3399
5769,0.3932
5770,0.4264
5771,0.5098
5772,0.5015
5773,0.4384
5774,0.4458
5775,0.4078
5776,0.3589
5777,0.3258
5778,0.3647
5779,0.4245
5780,0.6102
5781,0.6489
5782,1.2465
5783,1.5368
5784,1.7975
5785,1.6658
5786,1.1518
5787,0.4909
5788,0.4367
5789,0.5499
5790,0.8804
5791,0.9927
5792,0.3818
5793,0.3408
5794,0.3094
5795,0.3164
5796,0.4031
5797,0.7735
5798,0.8812
5799,1.1078
5800,1.0955
5801,0.367
5802,0.3625
5803,0.5164
5804,1.2571
5805,0.9215
5806,0.9047
5807,1.5746
5808,1.1799
5809,0.9331
5810,1.1235
5811,0.6352
5812,0.6641
5813,0.7311
5814,0.5079
5815,0.5071
5816,0.646
5817,0.6709
5818,0.705
5819,0.6529
5820,0.4524
5821,0.6711
5822,0.4717
5823,0.6113
5824,1.4937
5825,1.2733
5826,0.8526
5827,1.032
5828,1.6388
5829,1.3292
5830,1.5002
5831,1.4481
5832,1.1686
5833,1.6892
5834,1.6188
5835,1.5967
5836,1.6617
5837,1.6725
5838,1.6741
5839,1.6342
5840,1.6013
5841,1.553
5842,1.4872
5843,1.3202
5844,1.2453
5845,1.5263
5846,1.4894
5847,1.5049
5848,1.4946
5849,1.5216
5850,1.5468
5851,1.5978
5852,1.6045
5853,1.6149
5854,1.6282
5855,1.631
5856,1.5056
5857,1.403
5858,1.0033
5859,0.4727
5860,1.0122
5861,0.3953
5862,0.4654
5863,0.3945
5864,0.646
5865,0.545
5866,0.3873
5867,0.346
5868,0.3315
5869,0.3254
5870,0.3055
5871,0.3155
5872,0.3337
5873,0.3267
5874,0.3033
5875,0.2892
5876,0.3345
5877,0.3307
5878,0.3382
5879,0.3177
5880,0.4198
5881,0.2441
5882,0.2485
5883,0.3017
5884,0.466
5885,0.6492
5886,0.4393
5887,0.3843
5888,0.8749
5889,0.391
5890,0.2648
5891,0.2329
5892,0.2846
5893,0.4238
5894,0.6262
5895,0.767
5896,1.4889
5897,1.3837
5898,0.5724
5899,1.0456
5900,1.4066
5901,1.52
5902,1.5104
5903,1.4785
5904,1.4769
5905,1.4567
5906,1.4364
5907,1.4215
5908,1.4323
5909,1.4289
5910,1.409
5911,1.4057
5912,1.3719
5913,1.3625
5914,1.3721
5915,1.3732
5916,1.3676
5917,1.3502
5918,1.2972
5919,1.2682
5920,1.3026
5921,1.2996
5922,1.287
5923,1.2718
5924,1.2644
5925,1.266
5926,1.263
5927,1.2904
5928,1.2899
5929,1.3092
5930,1.3189
5931,1.3227
5932,1.2645
5933,1.2854
5934,1.2797
5935,1.2821
5936,1.0939
5937,0.9377
5938,0.6976
5939,0.875
5940,0.4214
5941,0.1664
5942,0.1415
5943,0.2697
5944,1.3325
5945,1.3584
5946,1.2975
5947,1.2591
5948,1.2465
5949,1.2481
5950,1.2372
5951,1.2292
5952,1.2211
5953,1.2292
5954,1.258
5955,1.2585
5956,1.2546
5957,1.2618
5958,1.28
5959,1.2647
5960,1.2415
5961,1.216
5962,0.5154
5963,0.3191
5964,0.3457
5965,0.1703
5966,0.1537
5967,0.1491
5968,0.1463
5969,0.1489
5970,0.1769
5971,0.2545
5972,0.255
5973,0.243
5974,0.2335
5975,0.2166
5976,0.2079
5977,0.2179
5978,0.4139
5979,0.8146
5980,0.925
5981,1.1545
5982,1.1739
5983,1.1977
5984,1.024
5985,1.1111
5986,0.9883
5987,0.9593
5988,0.3913
5989,0.239
5990,0.4568
5991,0.6194
5992,0.6735
5993,0.9419
5994,0.9832
5995,0.888
5996,0.9158
5997,0.7268
5998,0.9463
5999,0.5903
6000,0.2832
6001,0.3309
6002,0.6601
6003,0.959
6004,0.997
6005,0.9862
6006,0.9649
6007,0.9534
6008,0.944
6009,0.9213
6010,0.9124
6011,0.8638
6012,0.8611
6013,0.7464
6014,0.116
6015,0.0756
6016,0.0595
6017,0.0577
6018,0.0815
6019,0.5379
6020,0.7652
6021,0.2076
6022,0.171
6023,0.6661
6024,0.5011
6025,0.6147
6026,0.1676
6027,0.086
6028,0.0637
6029,0.0745
6030,0.3722
6031,0.3285
6032,0.6807
6033,0.8144
6034,0.7075
6035,0.619
6036,0.2564
6037,0.2334
6038,0.1917
6039,0.5496
6040,0.2011
6041,0.4251
6042,0.6559
6043,0.7285
6044,0.3255
6045,0.09
6046,0.0585
6047,0.0592
6048,0.0581
6049,0.0582
6050,0.0595
6051,0.0884
6052,0.1519
6053,0.2149
6054,0.4429
6055,0.5186
6056,0.1567
6057,0.0631
6058,0.0623
6059,0.2656
6060,0.5079
6061,0.1632
6062,0.1354
6063,0.127
6064,0.1151
6065,0.1101
6066,0.139
6067,0.1558
6068,0.1277
6069,0.0957
6070,0.0956
6071,0.0983
6072,0.1041
6073,0.1039
6074,0.1049
6075,0.111
6076,0.1141
6077,0.1109
6078,0.1131
6079,0.1214
6080,0.1259
6081,0.1264
6082,0.1223
6083,0.1197
6084,0.1172
6085,0.1179
6086,0.1219
6087,0.1299
6088,0.1345
6089,0.1394
6090,0.1458
6091,0.1539
6092,0.1598
6093,0.1626
6094,0.1636
6095,0.1576
6096,0.0996
6097,0.0597
6098,0.0596
6099,0.0594
6100,0.0592
6101,0.0585
6102,0.0592
6103,0.0589
6104,0.0595
6105,0.0598
6106,0.0594
6107,0.0594
6108,0.0595
6109,0.0603
6110,0.0591
6111,0.0595
6112,0.0595
6113,0.0601
6114,0.0599
6115,0.0599
6116,0.0586
6117,0.0573
6118,0.0578
6119,0.0624
6120,0.0714
6121,0.0759
6122,0.0819
6123,0.0873
6124,0.0918
6125,0.0957
6126,0.1005
6127,0.1029
6128,0.1097
6129,0.1154
6130,0.1146
6131,0.1143
6132,0.1122
6133,0.1117
6134,0.1095
6135,0.1071
6136,0.1033
6137,0.0981
6138,0.0919
6139,0.0884
6140,0.0876
6141,0.093
6142,0.1016
6143,0.1043
6144,0.1062
6145,0.1073
6146,0.1068
6147,0.1082
6148,0.1098
6149,0.111
6150,0.1075
6151,0.1087
6152,0.1126
6153,0.1158
6154,0.1224
6155,0.1387
6156,0.1496
6157,0.1583
6158,0.1638
6159,0.1797
6160,0.1722
6161,0.1758
6162,0.2081
6163,0.1983
6164,0.2379
6165,0.1784
6166,0.1407
6167,0.1446
6168,0.2513
6169,0.2663
6170,0.2699
6171,0.2748
6172,0.2742
6173,0.2736
6174,0.2853
6175,0.2957
6176,0.3059
6177,0.3059
6178,0.3048
6179,0.3045
6180,0.3044
6181,0.3031
6182,0.3078
6183,0.3127
6184,0.3122
6185,0.3123
6186,0.3133
6187,0.3569
6188,0.6034
6189,0.6576
6190,0.6409
6191,0.646
6192,0.6558
6193,0.652
6194,0.6491
6195,0.6507
6196,0.6537
6197,0.6501
6198,0.6496
6199,0.6458
6200,0.6509
6201,0.6458
6202,0.7641
6203,0.8004
6204,0.7976
6205,0.7966
6206,0.7941
6207,0.7933
6208,0.7911
6209,0.7905
6210,0.7913
6211,0.7893
6212,0.7874
6213,0.7922
6214,0.7915
6215,0.7919
6216,0.8481
6217,0.8565
6218,0.8501
6219,0.8329
6220,0.8286
6221,0.8231
6222,0.821
6223,0.8208
6224,0.8116
6225,0.8127
6226,0.8107
6227,0.8122
6228,0.8102
6229,0.8079
6230,0.8077
6231,0.8086
6232,0.8033
6233,0.8106
6234,0.81
6235,0.8067
6236,0.8108
6237,0.809
6238,0.8055
6239,0.7079
6240,0.6824
6241,0.6773
6242,0.6814
6243,0.6837
6244,0.6781
6245,0.6723
6246,0.6604
6247,0.6658
6248,0.6841
6249,0.6818
6250,0.693
6251,0.6925
6252,0.6812
6253,0.6834
6254,0.6843
6255,0.687
6256,0.6849
6257,0.6848
6258,0.6843
6259,0.6834
6260,0.678
6261,0.6857
6262,0.6832
6263,0.661
6264,0.5533
6265,0.5338
6266,0.5215
6267,0.5226
6268,0.5233
6269,0.5159
6270,0.5104
6271,0.5106
6272,0.5131
6273,0.5107
6274,0.5205
6275,0.5181
6276,0.5179
6277,0.5144
6278,0.5188
6279,0.5235
6280,0.5227
6281,0.5176
6282,0.5168
6283,0.5164
6284,0.5189
6285,0.5204
6286,0.52
6287,0.5156
6288,0.5177
6289,0.5147
6290,0.5151
6291,0.5198
6292,0.5193
6293,0.5205
6294,0.5183
6295,0.5148
6296,0.5162
6297,0.5146
6298,0.5158
6299,0.5163
6300,0.5019
6301,0.5008
6302,0.4984
6303,0.5028
6304,0.5133
6305,0.517
6306,0.5199
6307,0.5196
6308,0.5197
6309,0.5182
6310,0.5162
6311,0.5167
6312,0.5188
6313,0.5215
6314,0.521
6315,0.5206
6316,0.5316
6317,0.5314
6318,0.5288
6319,0.5244
6320,0.5213
6321,0.5316
6322,0.5322
6323,0.5333
6324,0.5287
6325,0.526
6326,0.53
6327,0.5512
6328,0.5318
6329,0.5243
6330,0.5283
6331,0.5277
6332,0.5371
6333,0.5562
6334,0.5517
6335,0.5515
6336,0.5456
6337,0.5457
6338,0.5499
6339,0.5537
6340,0.5539
6341,0.5523
6342,0.5305
6343,0.5355
6344,0.5382
6345,0.5514
6346,0.6977
6347,0.7045
6348,0.6969
6349,0.693
6350,0.6952
6351,0.694
6352,0.6885
6353,0.6922
6354,0.6874
6355,0.6868
6356,0.6905
6357,0.6793
6358,0.6765
6359,0.6552
6360,0.6812
6361,0.6852
6362,0.6836
6363,0.6832
6364,0.6831
6365,0.6799
6366,0.6778
6367,0.6791
6368,0.6817
6369,0.6689
6370,0.6657
6371,0.6697
6372,0.6789
6373,0.6774
6374,0.6789
6375,0.6759
6376,0.6668
6377,0.6674
6378,0.6763
6379,0.6787
6380,0.6769
6381,0.6238
6382,0.548
6383,0.5562
6384,0.5548
6385,0.5559
6386,0.5556
6387,0.5564
6388,0.5567
6389,0.5504
6390,0.4859
6391,0.2407
6392,0.4818
6393,0.5295
6394,0.5271
6395,0.5305
6396,0.5185
6397,0.5249
6398,0.527
6399,0.5258
6400,0.5304
6401,0.5288
6402,0.5299
6403,0.5309
6404,0.5297
6405,0.5316
6406,0.5297
6407,0.5287
6408,0.5288
6409,0.5288
6410,0.5302
6411,0.527
6412,0.5166
6413,0.51
6414,0.502
6415,0.525
6416,0.5294
6417,0.5238
6418,0.5289
6419,0.5296
6420,0.5308
6421,0.5305
6422,0.5309
6423,0.5258
6424,0.5263
6425,0.5305
6426,0.5313
6427,0.5312
6428,0.5294
6429,0.5287
6430,0.5278
6431,0.5269
6432,0.5284
6433,0.5307
6434,0.5263
6435,0.531
6436,0.5307
6437,0.5289
6438,0.5307
6439,0.3602
6440,0.1918
6441,0.2311
6442,0.8276
6443,1.6874
6444,1.3319
6445,0.2358
6446,0.1967
6447,0.1953
6448,0.1957
6449,0.1952
6450,0.1952
6451,0.1954
6452,0.1952
6453,0.1952
6454,0.1952
6455,0.1933
6456,0.1933
6457,0.1937
6458,0.193
6459,0.1928
6460,0.1934
6461,0.1934
6462,0.1934
6463,0.1932
6464,0.1928
6465,0.1932
6466,0.193
6467,0.1929
6468,0.1932
6469,0.1927
6470,0.193
6471,0.1933
6472,0.1929
6473,0.1928
6474,0.193
6475,0.1925
6476,0.1925
6477,0.1926
6478,0.1926
6479,0.1923
6480,0.1923
6481,0.1925
6482,0.1923
6483,0.1923
6484,0.1922
6485,0.1923
6486,0.2406
6487,0.3483
6488,0.3405
6489,0.3382
6490,0.3355
6491,0.3351
6492,0.333
6493,0.3313
6494,0.3305
6495,0.33
6496,0.3299
6497,0.3284
6498,0.3279
6499,0.3294
6500,0.3475
6501,0.3416
6502,0.3667
6503,0.3507
6504,0.3625
6505,0.4013
6506,0.4412
6507,0.7158
6508,0.749
6509,0.7212
6510,0.7045
6511,0.7038
6512,0.7012
6513,0.6995
6514,0.6921
6515,0.7004
6516,0.6971
6517,0.6992
6518,0.6946
6519,0.6937
6520,0.6837
6521,0.5995
6522,0.5997
6523,0.5967
6524,0.5943
6525,0.6003
6526,0.5912
6527,0.6325
6528,0.6273
6529,0.6087
6530,0.6032
6531,0.6083
6532,0.615
6533,0.6211
6534,0.6205
6535,0.5803
6536,0.5691
6537,0.5393
6538,0.5356
6539,0.5433
6540,0.5347
6541,0.5222
6542,0.5329
6543,0.5312
6544,0.5219
6545,0.5352
6546,0.5319
6547,0.5469
6548,0.5533
6549,0.5241
6550,0.4969
6551,0.5033
6552,0.5086
6553,0.5344
6554,0.5336
6555,0.5249
6556,0.5307
6557,0.5181
6558,0.5118
6559,0.5255
6560,0.5001
6561,0.4733
6562,0.495
6563,0.494
6564,0.4834
6565,0.4948
6566,0.5402
6567,0.5496
6568,0.5387
6569,0.535
6570,0.5341
6571,0.5718
6572,0.5701
6573,0.571
6574,0.5579
6575,0.5305
6576,0.5289
6577,0.5182
6578,0.5092
6579,0.5127
6580,0.5182
6581,0.5205
6582,0.5239
6583,0.527
6584,0.515
6585,0.5076
6586,0.5165
6587,0.5164
6588,0.5118
6589,0.5092
6590,0.5086
6591,0.5095
6592,0.509
6593,0.5095
6594,0.5089
6595,0.5049
6596,0.5049
6597,0.5082
6598,0.5059
6599,0.5044
6600,0.504
6601,0.502
6602,0.502
6603,0.508
6604,0.5079
6605,0.5074
6606,0.507
6607,0.5043
6608,0.1762
6609,0.1686
6610,0.1681
6611,0.1684
6612,0.1685
6613,0.1674
6614,0.1723
6615,0.1712
6616,0.1708
6617,0.1768
6618,0.1754
6619,0.1702
6620,0.1697
6621,0.1699
6622,0.1698
6623,0.1688
6624,0.1673
6625,0.1696
6626,0.1734
6627,0.1736
6628,0.1738
6629,0.174
6630,0.1738
6631,0.1733
6632,0.1723
6633,0.1795
6634,0.3306
6635,0.315
6636,0.3118
6637,0.3098
6638,0.3081
6639,0.3063
6640,0.3042
6641,0.3045
6642,0.3036
6643,0.3034
6644,0.3017
6645,0.3019
6646,0.3024
6647,0.3003
6648,0.298
6649,0.2964
6650,0.2953
6651,0.2904
6652,0.2865
6653,0.2848
6654,0.2844
6655,0.2837
6656,0.2835
6657,0.2834
6658,0.2829
6659,0.2829
6660,0.2817
6661,0.2815
6662,0.2823
6663,0.2813
6664,0.2806
6665,0.2802
6666,0.28
6667,0.2805
6668,0.2785
6669,0.1628
6670,0.1622
6671,0.1625
6672,0.1623
6673,0.1631
6674,0.1629
6675,0.1625
6676,0.1625
6677,0.1624
6678,0.164
6679,0.1622
6680,0.1676
6681,0.1683
6682,0.1619
6683,0.162
6684,0.1622
6685,0.1614
6686,0.1608
6687,0.1602
6688,0.161
6689,0.1606
6690,0.16
6691,0.1596
6692,0.1587
6693,0.1587
6694,0.1591
6695,0.1586
6696,0.1582
6697,0.1604
6698,0.1587
6699,0.1584
6700,0.1581
6701,0.1579
6702,0.1576
6703,0.1575
6704,0.1572
6705,0.157
6706,0.1572
6707,0.1564
6708,0.1571
6709,0.156
6710,0.1563
6711,0.1574
6712,0.1557
6713,0.1561
6714,0.1563
6715,0.1559
6716,0.1559
6717,0.1552
6718,0.156
6719,0.1556
6720,0.1558
6721,0.1533
6722,0.1545
6723,0.1558
6724,0.1554
6725,0.1553
6726,0.1553
6727,0.1556
6728,0.156
6729,0.1557
6730,0.1551
6731,0.1549
6732,0.1547
6733,0.1552
6734,0.1538
6735,0.1536
6736,0.1544
6737,0.1543
6738,0.1535
6739,0.1538
6740,0.1538
6741,0.1541
6742,0.1539
6743,0.1535
6744,0.1537
6745,0.1536
6746,0.1535
6747,0.154
6748,0.1542
6749,0.1544
6750,0.1541
6751,0.1538
6752,0.1541
6753,0.1542
6754,0.154
6755,0.1537
6756,0.154
6757,0.1538
6758,0.1538
6759,0.1541
6760,0.1537
6761,0.1534
6762,0.154
6763,0.1541
6764,0.1544
6765,0.154
6766,0.1538
6767,0.1538
6768,0.1542
6769,0.1535
6770,0.1537
6771,0.1549
6772,0.1536
6773,0.1534
6774,0.1534
6775,0.1534
6776,0.1539
6777,0.2242
6778,0.2999
6779,0.2935
6780,0.2913
6781,0.2886
6782,0.2872
6783,0.286
6784,0.2867
6785,0.2839
6786,0.2837
6787,0.283
6788,0.2826
6789,0.2823
6790,0.2813
6791,0.2791
6792,0.2777
6793,0.2763
6794,0.2761
6795,0.2762
6796,0.2748
6797,0.2745
6798,0.2733
6799,0.2727
6800,0.274
6801,0.272
6802,0.2717
6803,0.2706
6804,0.2712
6805,0.2709
6806,0.2702
6807,0.2698
6808,0.2694
6809,0.2693
6810,0.2697
6811,0.2512
6812,0.1539
6813,0.1529
6814,0.1529
6815,0.1531
6816,0.1533
6817,0.1527
6818,0.1532
6819,0.1529
6820,0.1532
6821,0.1538
6822,0.1535
6823,0.1535
6824,0.1532
6825,0.1532
6826,0.154
6827,0.153
6828,0.1537
6829,0.1536
6830,0.1532
6831,0.1553
6832,0.154
6833,0.1602
6834,0.1579
6835,0.1534
6836,0.1534
6837,0.1533
6838,0.153
6839,0.1536
6840,0.1527
6841,0.1525
6842,0.1529
6843,0.1524
6844,0.1526
6845,0.1528
6846,0.1526
6847,0.1524
6848,0.1527
6849,0.1527
6850,0.1532
6851,0.1541
6852,0.1533
6853,0.1533
6854,0.154
6855,0.1584
6856,0.1801
6857,0.1796
6858,0.1789
6859,0.179
6860,0.1775
6861,0.1775
6862,0.1782
6863,0.1778
6864,0.1778
6865,0.1777
6866,0.1742
6867,0.1762
6868,0.1776
6869,0.1772
6870,0.177
6871,0.177
6872,0.1774
6873,0.1778
6874,0.1772
6875,0.1765
6876,0.1768
6877,0.1765
6878,0.1773
6879,0.1771
6880,0.1769
6881,0.1769
6882,0.1771
6883,0.1943
6884,0.1932
6885,0.1926
6886,0.1928
6887,0.1917
6888,0.1766
6889,0.238
6890,1.3677
6891,1.3704
6892,1.3718
6893,0.825
6894,0.185
6895,0.184
6896,0.1869
6897,0.1842
6898,0.1845
6899,0.2644
6900,0.2667
6901,0.2664
6902,0.2725
6903,0.2703
6904,0.2684
6905,0.2689
6906,0.2693
6907,0.2664
6908,0.2658
6909,0.2659
6910,0.265
6911,0.2648
6912,0.2644
6913,0.2643
6914,0.2644
6915,0.2639
6916,0.2637
6917,0.2669
6918,0.271
6919,0.2637
6920,0.2636
6921,0.2718
6922,0.4174
6923,0.4043
6924,0.4094
6925,0.411
6926,0.3222
6927,0.2938
6928,0.3218
6929,0.3481
6930,0.3208
6931,0.32
6932,0.3198
6933,0.318
6934,0.3169
6935,0.3164
6936,0.2886
6937,0.2829
6938,0.2885
6939,0.2822
6940,0.2805
6941,0.2804
6942,0.2801
6943,0.2794
6944,0.2806
6945,0.2795
6946,0.2784
6947,0.2798
6948,0.2787
6949,0.277
6950,0.2778
6951,0.2792
6952,0.2802
6953,0.2756
6954,0.2765
6955,0.2756
6956,0.2775
6957,0.1793
6958,0.159
6959,0.1586
6960,0.1595
6961,0.1592
6962,0.159
6963,0.1594
6964,0.1585
6965,0.1586
6966,0.1582
6967,0.1587
6968,0.1578
6969,0.1582
6970,0.1589
6971,0.1602
6972,0.1609
6973,0.1603
6974,0.1604
6975,0.1603
6976,0.1603
6977,0.1604
6978,0.1592
6979,0.1589
6980,0.1586
6981,0.1594
6982,0.1601
6983,0.1591
6984,0.1595
6985,0.1597
6986,0.1595
6987,0.1589
6988,0.1577
6989,0.157
6990,0.1577
6991,0.1581
6992,0.1591
6993,0.1581
6994,0.1579
6995,0.1576
6996,0.1576
6997,0.1733
6998,0.1603
6999,0.1557
7000,0.1562
7001,0.1546
7002,0.1536
7003,0.1508
7004,0.152
7005,0.1547
7006,0.1566
7007,0.1563
7008,0.1561
7009,0.1841
7010,0.1404
7011,0.1349
7012,0.1348
7013,0.1669
7014,0.1756
7015,0.1666
7016,0.1583
7017,0.1545
7018,0.1518
7019,0.1529
7020,0.1468
7021,0.1397
7022,0.1281
7023,0.1185
7024,0.1176
7025,0.1083
7026,0.1064
7027,0.1053
7028,0.1097
7029,0.1222
7030,0.1229
7031,0.1194
7032,0.1056
7033,0.1075
7034,0.1062
7035,0.1042
7036,0.1037
7037,0.1019
7038,0.1
7039,0.0976
7040,0.0942
7041,0.0891
7042,0.0856
7043,0.0838
7044,0.0793
7045,0.0798
7046,0.0812
7047,0.0906
7048,0.1071
7049,0.1048
7050,0.1068
7051,0.1088
7052,0.11
7053,0.1079
7054,0.1051
7055,0.1025
7056,0.0976
7057,0.089
7058,0.0812
7059,0.0725
7060,0.0706
7061,0.0713
7062,0.1195
7063,0.3837
7064,0.4261
7065,0.4223
7066,0.4993
7067,0.5627
7068,0.5432
7069,0.5471
7070,0.5375
7071,0.5488
7072,0.5458
7073,0.5418
7074,0.5358
7075,0.5301
7076,0.5264
7077,0.5238
7078,0.5233
7079,0.5142
7080,0.5142
7081,0.5146
7082,0.5172
7083,0.5194
7084,0.5108
7085,0.511
7086,0.5141
7087,0.5155
7088,0.5171
7089,0.5191
7090,0.5231
7091,0.5358
7092,0.5363
7093,0.5384
7094,0.5391
7095,0.5385
7096,0.5384
7097,0.5377
7098,0.5349
7099,0.5308
7100,0.5299
7101,0.4495
7102,0.3963
7103,0.3964
7104,0.3939
7105,0.3941
7106,0.4036
7107,0.4052
7108,0.4001
7109,0.3956
7110,0.395
7111,0.3967
7112,0.4014
7113,0.4001
7114,0.3964
7115,0.3949
7116,0.3967
7117,0.3997
7118,0.4007
7119,0.4002
7120,0.397
7121,0.3942
7122,0.3878
7123,0.3845
7124,0.3888
7125,0.3907
7126,0.3858
7127,0.3896
7128,0.391
7129,0.3916
7130,0.3868
7131,0.3886
7132,0.3915
7133,0.3912
7134,0.3909
7135,0.3906
7136,0.3983
7137,0.4494
7138,0.4796
7139,0.4405
7140,0.3834
7141,0.4164
7142,0.4758
7143,0.3909
7144,0.3906
7145,0.3909
7146,0.3914
7147,0.3894
7148,0.3924
7149,0.3895
7150,0.391
7151,0.3927
7152,0.393
7153,0.3918
7154,0.3918
7155,0.3937
7156,0.3949
7157,0.3906
7158,0.3896
7159,0.391
7160,0.3783
7161,0.1399
7162,0.135
7163,0.1357
7164,0.1496
7165,0.1464
7166,0.1161
7167,0.1157
7168,0.1235
7169,0.136
7170,0.1484
7171,0.1557
7172,0.1698
7173,0.2369
7174,0.2247
7175,0.2171
7176,0.2236
7177,0.2006
7178,0.148
7179,0.1989
7180,0.2937
7181,0.3278
7182,0.2573
7183,0.2327
7184,0.2141
7185,0.1988
7186,0.1791
7187,0.1814
7188,0.2243
7189,0.237
7190,0.204
7191,0.2687
7192,0.2749
7193,0.2367
7194,0.2312
7195,0.3288
7196,0.3479
7197,0.3785
7198,0.7073
7199,0.4355
7200,0.3192
7201,0.2655
7202,0.6978
7203,1.1195
7204,1.1155
7205,0.8971
7206,1.1415
7207,1.1153
7208,0.9064
7209,1.1126
7210,1.1071
7211,0.973
7212,1.2562
7213,1.2542
7214,1.2578
7215,1.2476
7216,1.2333
7217,1.248
7218,1.2611
7219,1.2589
7220,1.228
7221,1.2244
7222,1.2474
7223,1.2359
7224,1.237
7225,1.2511
7226,1.233
7227,1.2101
7228,1.2231
7229,1.2421
7230,1.2269
7231,1.2395
7232,1.2275
7233,1.2039
7234,1.2212
7235,1.2319
7236,1.2143
7237,1.1895
7238,0.5439
7239,0.4093
7240,0.4884
7241,1.0357
7242,1.5291
7243,0.9011
7244,0.7502
7245,0.6536
7246,0.8516
7247,0.5668
7248,0.5323
7249,0.572
7250,0.7938
7251,1.1257
7252,1.2986
7253,0.7548
7254,1.0648
7255,1.6784
7256,0.857
7257,0.4756
7258,0.4445
7259,0.4311
7260,1.0132
7261,1.0971
7262,1.091
7263,1.0865
7264,1.0839
7265,1.0824
7266,1.0852
7267,1.0857
7268,1.0778
7269,1.0788
7270,0.7375
7271,0.6298
7272,0.3691
7273,0.24
7274,0.2494
7275,0.4118
7276,0.6301
7277,1.1873
7278,0.8145
7279,1.1711
7280,0.7989
7281,0.478
7282,0.3641
7283,0.3602
7284,0.3872
7285,0.5434
7286,0.4767
7287,0.5244
7288,0.8184
7289,1.1779
7290,0.7239
7291,0.561
7292,0.5479
7293,0.5434
7294,0.542
7295,0.5415
7296,0.542
7297,0.5433
7298,0.543
7299,0.5391
7300,0.4857
7301,0.3138
7302,0.4435
7303,0.5837
7304,0.5628
7305,0.553
7306,0.3951
7307,0.2621
7308,0.2801
7309,0.347
7310,0.2985
7311,0.2925
7312,0.3217
7313,0.5525
7314,0.9202
7315,0.5542
7316,1.0193
7317,1.6585
7318,1.2841
7319,1.4874
7320,1.2659
7321,1.2304
7322,1.2281
7323,1.2263
7324,1.1187
7325,0.6247
7326,0.332
7327,0.2965
7328,0.3423
7329,0.7914
7330,1.2948
7331,1.4424
7332,1.4775
7333,1.4609
7334,1.4451
7335,1.4433
7336,1.4333
7337,1.414
7338,1.5058
7339,1.5552
7340,1.5102
7341,1.2623
7342,1.3526
7343,1.5377
7344,1.5509
7345,1.0493
7346,1.3351
7347,1.4181
7348,1.4749
7349,1.4331
7350,1.3518
7351,0.9087
7352,1.2243
7353,1.2582
7354,1.296
7355,1.3411
7356,1.3555
7357,1.3775
7358,1.2421
7359,0.6754
7360,0.4854
7361,0.4277
7362,1.2554
7363,1.3711
7364,0.7318
7365,0.4151
7366,0.5929
7367,1.3214
7368,0.9499
7369,0.392
7370,0.3295
7371,0.2838
7372,0.66
7373,0.8455
7374,0.2262
7375,0.2212
7376,0.2212
7377,0.2233
7378,0.2401
7379,0.3136
7380,0.6699
7381,1.2713
7382,1.3774
7383,1.2998
7384,1.3326
7385,1.3595
7386,1.2817
7387,1.1906
7388,1.3574
7389,1.3957
7390,1.135
7391,1.1822
7392,1.2663
7393,1.2688
7394,1.2458
7395,1.2442
7396,1.2264
7397,1.191
7398,1.1655
7399,1.1649
7400,1.1727
7401,1.2225
7402,1.2121
7403,1.2153
7404,1.1826
7405,0.9595
7406,0.7274
7407,0.5883
7408,0.5384
7409,0.4416
7410,0.8758
7411,0.4671
7412,0.3772
7413,0.3364
7414,0.324
7415,0.3509
7416,0.4054
7417,0.3595
7418,0.6842
7419,0.9449
7420,1.0082
7421,1.0065
7422,0.4961
7423,0.2872
7424,0.3027
7425,0.3128
7426,0.3121
7427,0.5159
7428,0.558
7429,0.8666
7430,0.6552
7431,0.722
7432,0.6604
7433,0.5175
7434,0.6446
7435,0.9565
7436,0.8453
7437,0.7305
7438,0.6918
7439,0.4316
7440,0.4394
7441,0.82
7442,0.7875
7443,0.7324
7444,0.7848
7445,0.8082
7446,0.774
7447,0.7404
7448,0.7607
7449,0.7634
7450,0.5479
7451,0.3696
7452,0.4152
7453,0.7188
7454,0.5828
7455,0.6481
7456,0.6395
7457,0.603
7458,0.6945
7459,0.7315
7460,0.5825
7461,0.2498
7462,0.1511
7463,0.1134
7464,0.0751
7465,0.141
7466,0.1748
7467,0.2811
7468,0.5345
7469,0.5939
7470,0.4193
7471,0.3096
7472,0.1578
7473,0.1943
7474,0.1171
7475,0.1002
7476,0.0906
7477,0.0703
7478,0.0667
7479,0.0651
7480,0.0634
7481,0.065
7482,0.0773
7483,0.2368
7484,0.24
7485,0.2396
7486,0.2291
7487,0.2221
7488,0.2131
7489,0.2024
7490,0.2008
7491,0.2069
7492,0.2357
7493,0.2475
7494,0.251
7495,0.2514
7496,0.2502
7497,0.2516
7498,0.254
7499,0.2534
7500,0.2501
7501,0.2463
7502,0.2409
7503,0.2365
7504,0.2335
7505,0.2312
7506,0.2305
7507,0.2322
7508,0.2364
7509,0.2377
7510,0.2424
7511,0.2507
7512,0.2574
7513,0.2613
7514,0.2643
7515,0.2673
7516,0.274
7517,0.2798
7518,0.2828
7519,0.2829
7520,0.1691
7521,0.1745
7522,0.2008
7523,0.2276
7524,0.248
7525,0.2606
7526,0.2662
7527,0.2682
7528,0.2721
7529,0.2775
7530,0.283
7531,0.2831
7532,0.2817
7533,0.2831
7534,0.276
7535,0.2759
7536,0.2199
7537,0.1972
7538,0.199
7539,0.2016
7540,0.2011
7541,0.2004
7542,0.1997
7543,0.2001
7544,0.2005
7545,0.2006
7546,0.1998
7547,0.1988
7548,0.1963
7549,0.197
7550,0.1973
7551,0.197
7552,0.1973
7553,0.1975
7554,0.1967
7555,0.1967
7556,0.1964
7557,0.1969
7558,0.1963
7559,0.1972
7560,0.1973
7561,0.1963
7562,0.1965
7563,0.1881
7564,0.2673
7565,0.2741
7566,0.271
7567,0.2703
7568,0.2696
7569,0.2289
7570,0.2553
7571,0.2602
7572,0.262
7573,0.2702
7574,0.269
7575,0.2704
7576,0.2524
7577,0.27
7578,0.2619
7579,0.2693
7580,0.2707
7581,0.2704
7582,0.2711
7583,0.2705
7584,0.2706
7585,0.2702
7586,0.2689
7587,0.2683
7588,0.2695
7589,0.2707
7590,0.2705
7591,0.2692
7592,0.2721
7593,0.2698
7594,0.2687
7595,0.2772
7596,0.2662
7597,0.2512
7598,0.2672
7599,0.2633
7600,0.2736
7601,0.2722
7602,0.2727
7603,0.2739
7604,0.272
7605,0.2728
7606,0.2722
7607,0.2726
7608,0.2732
7609,0.2738
7610,0.2692
7611,0.2747
7612,0.2732
7613,0.2729
7614,0.273
7615,0.2739
7616,0.2734
7617,0.2612
7618,0.4075
7619,0.4141
7620,0.4157
7621,0.411
7622,0.4093
7623,0.412
7624,0.4095
7625,0.4094
7626,0.4087
7627,0.4088
7628,0.4064
7629,0.4074
7630,0.4068
7631,0.4062
7632,0.4072
7633,0.4061
7634,0.4064
7635,0.4026
7636,0.4047
7637,0.382
7638,0.398
7639,0.4118
7640,0.4134
7641,0.4117
7642,0.4151
7643,0.4196
7644,0.4191
7645,0.4187
7646,0.4184
7647,0.4173
7648,0.416
7649,0.4157
7650,0.4176
7651,0.4617
7652,0.4606
7653,0.3389
7654,0.3378
7655,0.3376
7656,0.3368
7657,0.331
7658,0.3175
7659,0.3281
7660,0.3293
7661,0.3353
7662,0.3346
7663,0.3341
7664,0.3349
7665,0.3341
7666,0.3335
7667,0.3363
7668,0.333
7669,0.345
7670,0.3394
7671,0.3086
7672,0.3135
7673,0.317
7674,0.3195
7675,0.3191
7676,0.3185
7677,0.3153
7678,0.301
7679,0.3189
7680,0.3151
7681,0.311
7682,0.319
7683,0.3187
7684,0.3186
7685,0.3178
7686,0.3164
7687,0.3163
7688,0.312
7689,0.3121
7690,0.3103
7691,0.3117
7692,0.3123
7693,0.414
7694,0.4451
7695,0.4351
7696,0.3577
7697,0.309
7698,0.2945
7699,0.3128
7700,0.3137
7701,0.306
7702,0.3136
7703,0.3125
7704,0.3134
7705,0.313
7706,0.3052
7707,0.308
7708,0.3122
7709,0.3124
7710,0.3133
7711,0.3121
7712,0.3123
7713,0.3127
7714,0.3127
7715,0.3132
7716,0.3141
7717,0.3115
7718,0.2962
7719,0.3121
7720,0.3057
7721,0.3132
7722,0.3133
7723,0.3115
7724,0.3116
7725,0.313
7726,0.3135
7727,0.3142
7728,0.3129
7729,0.3101
7730,0.3126
7731,0.3125
7732,0.3128
7733,0.3122
7734,0.3125
7735,0.3125
7736,0.3102
7737,0.3108
7738,0.2952
7739,0.3127
7740,0.3058
7741,0.3134
7742,0.3141
7743,0.5355
7744,0.6513
7745,0.6417
7746,0.6836
7747,0.6824
7748,0.7073
7749,0.7086
7750,0.6805
7751,0.7175
7752,0.716
7753,0.701
7754,0.6777
7755,0.6955
7756,0.8143
7757,0.7817
7758,0.7961
7759,0.7875
7760,0.7889
7761,0.7869
7762,0.7828
7763,0.6948
7764,0.6749
7765,0.6939
7766,0.6707
7767,0.6693
7768,0.6759
7769,0.6742
7770,0.7022
7771,0.7379
7772,0.7209
7773,0.6729
7774,0.6736
7775,0.671
7776,0.6677
7777,0.6659
7778,0.6709
7779,0.6645
7780,0.6642
7781,0.6623
7782,0.6552
7783,0.6503
7784,0.6761
7785,0.6628
7786,0.668
7787,0.7335
7788,0.6833
7789,0.6844
7790,0.6775
7791,0.6662
7792,0.5546
7793,0.5451
7794,0.5363
7795,0.5334
7796,0.529
7797,0.5285
7798,0.532
7799,0.5309
7800,0.528
7801,0.5373
7802,0.6385
7803,0.6446
7804,0.6443
7805,0.6561
7806,0.6605
7807,0.6671
7808,0.6781
7809,0.6584
7810,0.6571
7811,0.6537
7812,0.6546
7813,0.6504
7814,0.6478
7815,0.5381
7816,0.5373
7817,0.5373
7818,0.5377
7819,0.5382
7820,0.5346
7821,0.5379
7822,0.537
7823,0.5364
7824,0.5361
7825,0.5381
7826,0.5389
7827,0.5378
7828,0.5376
7829,0.538
7830,0.5381
7831,0.5369
7832,0.5337
7833,0.532
7834,0.5355
7835,0.5403
7836,0.5398
7837,0.5457
7838,0.5687
7839,0.5549
7840,0.5499
7841,0.5511
7842,0.5098
7843,0.5102
7844,0.5091
7845,0.5086
7846,0.5078
7847,0.507
7848,0.5072
7849,0.5089
7850,0.5072
7851,0.5087
7852,0.5084
7853,0.5083
7854,0.5084
7855,0.5081
7856,0.5077
7857,0.5064
7858,0.4931
7859,0.5015
7860,0.5013
7861,0.5035
7862,0.4954
7863,0.5041
7864,0.5043
7865,0.5032
7866,0.5059
7867,0.5062
7868,0.5027
7869,0.5022
7870,0.5026
7871,0.507
7872,0.5149
7873,0.6229
7874,0.8016
7875,0.6091
7876,0.5551
7877,0.5305
7878,0.5426
7879,0.5372
7880,0.5452
7881,0.5479
7882,0.5517
7883,0.5517
7884,0.5817
7885,0.582
7886,0.5804
7887,0.5536
7888,0.5411
7889,0.6347
7890,0.6754
7891,0.6725
7892,0.6707
7893,0.6677
7894,0.665
7895,0.6641
7896,0.6634
7897,0.6631
7898,0.6617
7899,0.6606
7900,0.6594
7901,0.6601
7902,0.6597
7903,0.662
7904,0.6597
7905,0.6568
7906,0.6544
7907,0.6532
7908,0.6526
7909,0.6515
7910,0.6473
7911,0.6487
7912,0.6483
7913,0.648
7914,0.6446
7915,0.6427
7916,0.6418
7917,0.6408
7918,0.5335
7919,0.5142
7920,0.5153
7921,0.5155
7922,0.517
7923,0.5167
7924,0.5158
7925,0.5148
7926,0.5166
7927,0.5156
7928,0.5156
7929,0.5157
7930,0.5135
7931,0.5028
7932,0.4965
7933,0.4963
7934,0.4973
7935,0.4973
7936,0.4979
7937,0.497
7938,0.496
7939,0.4964
7940,0.4967
7941,0.4963
7942,0.4961
7943,0.4955
7944,0.4962
7945,0.4963
7946,0.4966
7947,0.496
7948,0.4959
7949,0.4935
7950,0.4875
7951,0.4936
7952,0.4965
7953,0.4943
7954,0.496
7955,0.4964
7956,0.4957
7957,0.4959
7958,0.4956
7959,0.4962
7960,0.4956
7961,0.4959
7962,0.4954
7963,0.4952
7964,0.4948
7965,0.4943
7966,0.4939
7967,0.4933
7968,0.4954
7969,0.4901
7970,0.4884
7971,0.4926
7972,0.4921
7973,0.4918
7974,0.4911
7975,0.4908
7976,0.4914
7977,0.4908
7978,0.4882
7979,0.4907
7980,0.4914
7981,0.4914
7982,0.4905
7983,0.4908
7984,0.4901
7985,0.4906
7986,0.4905
7987,0.4894
7988,0.4851
7989,0.4829
7990,0.4819
7991,0.488
7992,0.4898
7993,0.4893
7994,0.4894
7995,0.4539
7996,0.4695
7997,0.4896
7998,0.4907
7999,0.4901
8000,0.4899
8001,0.4903
8002,0.4897
8003,0.4896
8004,0.4905
8005,0.4893
8006,0.4848
8007,0.3329
8008,0.2946
8009,0.2914
8010,0.2886
8011,0.2864
8012,0.2844
8013,0.2831
8014,0.2829
8015,0.2823
8016,0.2815
8017,0.2812
8018,0.2804
8019,0.2801
8020,0.2793
8021,0.279
8022,0.2775
8023,0.2776
8024,0.2764
8025,0.2737
8026,0.2719
8027,0.2719
8028,0.2706
8029,0.2704
8030,0.2698
8031,0.2689
8032,0.268
8033,0.2677
8034,0.2682
8035,0.2004
8036,0.1481
8037,0.1483
8038,0.1479
8039,0.1477
8040,0.1482
8041,0.1479
8042,0.1486
8043,0.148
8044,0.1471
8045,0.1478
8046,0.1476
8047,0.1478
8048,0.1481
8049,0.1476
8050,0.1476
8051,0.148
8052,0.1481
8053,0.1473
8054,0.1479
8055,0.1475
8056,0.1479
8057,0.1481
8058,0.148
8059,0.1476
8060,0.1476
8061,0.1478
8062,0.1473
8063,0.1481
8064,0.1476
8065,0.1478
8066,0.1479
8067,0.1477
8068,0.1474
8069,0.1473
8070,0.148
8071,0.1472
8072,0.1479
8073,0.1477
8074,0.1475
8075,0.1479
8076,0.148
8077,0.1482
8078,0.148
8079,0.1475
8080,0.1478
8081,0.148
8082,0.1492
8083,0.1507
8084,0.1485
8085,0.1478
8086,0.1476
8087,0.1477
8088,0.1471
8089,0.1477
8090,0.1475
8091,0.1478
8092,0.1477
8093,0.1483
8094,0.148
8095,0.1478
8096,0.1474
8097,0.1473
8098,0.1482
8099,0.1489
8100,0.1481
8101,0.1482
8102,0.1488
8103,0.1482
8104,0.1479
8105,0.15
8106,0.1496
8107,0.1491
8108,0.1479
8109,0.1486
8110,0.1529
8111,0.1523
8112,0.1535
8113,0.1515
8114,0.1512
8115,0.1522
8116,0.1514
8117,0.151
8118,0.1517
8119,0.1505
8120,0.1506
8121,0.1504
8122,0.1504
8123,0.1503
8124,0.1503
8125,0.1502
8126,0.1498
8127,0.1498
8128,0.2349
8129,0.2964
8130,0.2908
8131,0.2877
8132,0.2857
8133,0.2842
8134,0.2829
8135,0.2817
8136,0.2809
8137,0.2804
8138,0.2798
8139,0.2788
8140,0.2788
8141,0.2781
8142,0.2778
8143,0.2774
8144,0.2774
8145,0.2765
8146,0.2744
8147,0.2731
8148,0.2726
8149,0.2719
8150,0.2711
8151,0.2705
8152,0.2699
8153,0.2692
8154,0.2685
8155,0.2691
8156,0.2682
8157,0.1937
8158,0.1487
8159,0.1494
8160,0.1473
8161,0.1462
8162,0.1475
8163,0.1484
8164,0.1478
8165,0.1484
8166,0.148
8167,0.1479
8168,0.1483
8169,0.1482
8170,0.1483
8171,0.1478
8172,0.1482
8173,0.1485
8174,0.1484
8175,0.148
8176,0.1486
8177,0.1483
8178,0.1492
8179,0.1492
8180,0.1484
8181,0.1486
8182,0.1484
8183,0.1485
8184,0.1486
8185,0.1485
8186,0.149
8187,0.1488
8188,0.1485
8189,0.1486
8190,0.1487
8191,0.1485
8192,0.148
8193,0.1482
8194,0.148
8195,0.1478
8196,0.1478
8197,0.1482
8198,0.1479
8199,0.1479
8200,0.1477
8201,0.1482
8202,0.1481
8203,0.1473
8204,0.1477
8205,0.1477
8206,0.1475
8207,0.1479
8208,0.1484
8209,0.1476
8210,0.1478
8211,0.148
8212,0.1477
8213,0.1478
8214,0.1478
8215,0.148
8216,0.1478
8217,0.1481
8218,0.1478
8219,0.1474
8220,0.1482
8221,0.1477
8222,0.1478
8223,0.1476
8224,0.1478
8225,0.1475
8226,0.1475
8227,0.147
8228,0.1473
8229,0.1473
8230,0.1475
8231,0.1474
8232,0.1478
8233,0.1483
8234,0.1478
8235,0.1475
8236,0.1471
8237,0.147
8238,0.1468
8239,0.1474
8240,0.1475
8241,0.1475
8242,0.1478
8243,0.1475
8244,0.1488
8245,0.2576
8246,0.2927
8247,0.288
8248,0.2851
8249,0.2835
8250,0.2818
8251,0.2805
8252,0.2794
8253,0.2782
8254,0.2772
8255,0.2765
8256,0.2762
8257,0.2767
8258,0.2755
8259,0.2753
8260,0.2754
8261,0.2734
8262,0.2717
8263,0.2707
8264,0.2696
8265,0.269
8266,0.268
8267,0.2671
8268,0.2669
8269,0.266
8270,0.2664
8271,0.2656
8272,0.2654
8273,0.202
8274,0.1464
8275,0.1466
8276,0.1468
8277,0.1473
8278,0.1466
8279,0.1471
8280,0.1468
8281,0.147
8282,0.1471
8283,0.1466
8284,0.1466
8285,0.1467
8286,0.1466
8287,0.1467
8288,0.1466
8289,0.1465
8290,0.1467
8291,0.1483
8292,0.1479
8293,0.1463
8294,0.1481
8295,0.1536
8296,0.1723
8297,0.1723
8298,0.172
8299,0.1716
8300,0.1717
8301,0.1719
8302,0.1718
8303,0.172
8304,0.1718
8305,0.1688
8306,0.1692
8307,0.1716
8308,0.1715
8309,0.1712
8310,0.1711
8311,0.1712
8312,0.1711
8313,0.1711
8314,0.1719
8315,0.1706
8316,0.1672
8317,0.171
8318,0.1714
8319,0.1713
8320,0.1712
8321,0.1712
8322,0.1718
8323,0.1715
8324,0.1716
8325,0.1882
8326,0.1877
8327,0.1889
8328,0.188
8329,0.1875
8330,0.1875
8331,0.1875
8332,0.1869
8333,0.1873
8334,0.1876
8335,0.1848
8336,0.172
8337,0.7277
8338,1.3839
8339,1.3808
8340,1.3804
8341,0.4004
8342,0.1713
8343,0.1712
8344,0.1711
8345,0.1814
8346,0.2529
8347,0.2525
8348,0.2531
8349,0.2506
8350,0.2511
8351,0.2874
8352,0.2857
8353,0.2905
8354,0.2905
8355,0.2921
8356,0.2952
8357,0.2809
8358,0.2797
8359,0.2789
8360,0.2623
8361,0.2223
8362,0.2916
8363,0.3727
8364,0.3648
8365,0.363
8366,0.3888
8367,0.4193
8368,0.35
8369,0.3471
8370,0.3463
8371,0.3456
8372,0.3445
8373,0.3441
8374,0.3439
8375,0.3433
8376,0.3432
8377,0.3428
8378,0.3408
8379,0.3397
8380,0.3244
8381,0.3232
8382,0.3268
8383,0.3253
8384,0.3242
8385,0.3223
8386,0.3214
8387,0.3215
8388,0.3219
8389,0.3204
8390,0.3195
8391,0.2091
8392,0.1977
8393,0.1969
8394,0.1935
8395,0.1795
8396,0.1845
8397,0.1843
8398,0.1833
8399,0.1831
8400,0.1826
8401,0.1827
8402,0.1819
8403,0.1828
8404,0.1828
8405,0.1829
8406,0.1834
8407,0.1827
8408,0.171
8409,0.172
8410,0.1717
8411,0.1726
8412,0.3719
8413,0.5174
8414,0.5179
8415,0.5181
8416,0.5112
8417,0.5179
8418,0.518
8419,0.515
8420,0.5143
8421,0.5148
8422,0.5145
8423,0.5138
8424,0.5097
8425,0.5086
8426,0.508
8427,0.5102
8428,0.5337
8429,0.5723
8430,0.5555
8431,0.5387
8432,0.5536
8433,0.525
8434,0.4765
8435,0.4739
8436,0.4731
8437,0.4722
8438,0.4802
8439,0.473
8440,0.474
8441,0.4758
8442,0.4725
8443,0.4715
8444,0.4706
8445,0.4735
8446,0.477
8447,0.4779
8448,0.4792
8449,0.4823
8450,0.4773
8451,0.4798
8452,0.4879
8453,0.4924
8454,0.5015
8455,0.5252
8456,0.5392
8457,0.5412
8458,0.539
8459,0.5342
8460,0.5235
8461,0.5013
8462,0.4883
8463,0.4887
8464,0.4861
8465,0.484
8466,0.4868
8467,0.4867
8468,0.4864
8469,0.4822
8470,0.4795
8471,0.479
8472,0.4805
8473,0.476
8474,0.4752
8475,0.4746
8476,0.4728
8477,0.5414
8478,0.6303
8479,0.6189
8480,0.6112
8481,0.604
8482,0.5992
8483,0.5964
8484,0.5932
8485,0.5883
8486,0.5856
8487,0.6051
8488,0.6348
8489,0.6456
8490,0.6424
8491,0.6472
8492,0.654
8493,0.6523
8494,0.6506
8495,0.6517
8496,0.6655
8497,0.6748
8498,0.6745
8499,0.6721
8500,0.6674
8501,0.6665
8502,0.6637
8503,0.6746
8504,0.6373
8505,0.55
8506,0.5451
8507,0.5444
8508,0.5441
8509,0.5493
8510,0.5598
8511,0.5704
8512,0.5732
8513,0.5713
8514,0.5756
8515,0.5789
8516,0.5776
8517,0.577
8518,0.5771
8519,0.5783
8520,0.5798
8521,0.5854
8522,0.5721
8523,0.5665
8524,0.5641
8525,0.5654
8526,0.5646
8527,0.5594
8528,0.5482
8529,0.545
8530,0.5345
8531,0.5014
8532,0.4708
8533,0.4692
8534,0.467
8535,0.4649
8536,0.4632
8537,0.4641
8538,0.4689
8539,0.2539
8540,0.1239
8541,0.127
8542,0.1318
8543,0.1339
8544,0.1372
8545,0.1344
8546,0.1237
8547,0.1239
8548,0.126
8549,0.1268
8550,0.1273
8551,0.1268
8552,0.1228
8553,0.106
8554,0.9141
8555,1.1779
8556,1.159
8557,1.163
8558,1.1483
8559,1.2358
8560,1.1212
8561,1.1569
8562,0.0785
8563,0.6127
8564,1.0136
8565,1.1115
8566,1.1273
8567,1.1449
8568,1.0938
8569,1.229
8570,0.7923
8571,0.0692
8572,0.0667
8573,0.0629
8574,0.0577
8575,0.0535
8576,0.0502
8577,0.0479
8578,0.0486
8579,0.0477
8580,0.2214
8581,1.1457
8582,0.9291
8583,0.0508
8584,0.0509
8585,0.0511
8586,0.0504
8587,0.0506
8588,0.0507
8589,0.0509
8590,0.0523
8591,0.0533
8592,0.0483
8593,0.0362
8594,0.0349
8595,0.0354
8596,0.0358
8597,0.0364
8598,0.1203
8599,0.1436
8600,0.1362
8601,0.1302
8602,0.1237
8603,0.1202
8604,0.1181
8605,0.1172
8606,0.1164
8607,0.1154
8608,0.1147
8609,0.1142
8610,0.1138
8611,0.113
8612,0.1129
8613,0.1104
8614,0.1097
8615,0.1183
8616,0.1262
8617,0.1347
8618,0.1416
8619,0.1509
8620,0.1589
8621,0.1603
8622,0.1674
8623,0.1795
8624,0.1939
8625,0.2371
8626,0.2605
8627,0.2665
8628,0.2669
8629,0.2644
8630,0.2559
8631,0.2497
8632,0.2538
8633,0.2515
8634,0.2405
8635,0.2333
8636,0.2266
8637,0.2243
8638,0.2254
8639,0.2154
8640,0.204
8641,0.1931
8642,0.1853
8643,0.168
8644,0.1772
8645,0.175
8646,0.1731
8647,0.1692
8648,0.1652
8649,0.1605
8650,0.1564
8651,0.1497
8652,0.1466
8653,0.1453
8654,0.1428
8655,0.1407
8656,0.139
8657,0.1382
8658,0.1403
8659,0.1464
8660,0.1539
8661,0.1635
8662,0.174
8663,0.1807
8664,0.1847
8665,0.193
8666,0.2032
8667,0.2155
8668,0.2298
8669,0.241
8670,0.2494
8671,0.2516
8672,0.2439
8673,0.2369
8674,0.2159
8675,0.1799
8676,0.1632
8677,0.1621
8678,0.1656
8679,0.1645
8680,0.1581
8681,0.1483
8682,0.1356
8683,0.124
8684,0.1161
8685,0.1104
8686,0.109
8687,0.7707
8688,1.2339
8689,1.2087
8690,1.1897
8691,1.1836
8692,0.4382
8693,0.239
8694,0.262
8695,0.2925
8696,0.2873
8697,0.2602
8698,0.292
8699,0.2758
8700,0.2505
8701,0.2447
8702,0.2535
8703,0.2201
8704,0.2128
8705,0.1951
8706,0.2093
8707,0.2017
8708,0.2038
8709,0.2062
8710,0.2048
8711,0.2047
8712,0.2028
8713,0.2018
8714,0.1996
8715,0.2007
8716,0.1975
8717,0.1952
8718,0.1962
8719,0.1955
8720,0.196
8721,0.1944
8722,0.1932
8723,0.1935
8724,0.2084
8725,0.2031
8726,0.2009
8727,0.2119
8728,0.2114
8729,0.2042
8730,0.2096
8731,0.2112
8732,0.2097
8733,0.2094
8734,0.2097
8735,0.2102
8736,0.2064
8737,0.206
8738,0.2096
8739,0.2099
8740,0.2114
8741,0.2118
8742,0.2128
8743,0.2121
8744,0.2119
8745,0.2069
8746,0.2103
8747,0.2393
8748,0.2997
8749,0.3659
8750,0.4574
8751,0.6786
8752,0.5608
8753,0.4448
8754,0.3794
8755,0.3275
8756,0.3167
8757,0.3019
8758,0.307
8759,0.3107
8760,0.3209
8761,0.3315
8762,0.3865
8763,0.4422
8764,0.3917
8765,0.4329
8766,0.4149
8767,0.3727
8768,0.3452
8769,0.3315
8770,0.3127
8771,0.3223
8772,0.3446
8773,0.35
8774,0.3424
8775,0.3307
8776,0.3179
8777,0.321
8778,0.3418
8779,0.361
8780,0.3996
8781,0.6537
8782,0.7205
8783,0.4915
8784,0.4269
8785,0.4109
8786,0.3558
8787,0.2854
8788,0.2624
8789,0.2427
8790,0.2189
8791,0.2024
8792,0.2137
8793,0.2646
8794,0.6186
8795,1.496
8796,1.4705
8797,1.4758
8798,1.4058
8799,1.3346
8800,1.3368
8801,1.3168
8802,1.3022
8803,1.2793
8804,1.2343
8805,1.2945
8806,1.3401
8807,1.2657
8808,0.9329
8809,0.3664
8810,0.3818
8811,1.2397
8812,1.3619
8813,1.315
8814,1.3168
8815,1.269
8816,1.2823
8817,1.2919
8818,1.2617
8819,1.2466
8820,1.2472
8821,1.2505
8822,0.9634
8823,0.2727
8824,0.1958
8825,0.2839
8826,0.8506
8827,1.1422
8828,1.1319
8829,1.1987
8830,1.2712
8831,1.2671
8832,0.76
8833,0.9393
8834,1.2911
8835,1.2207
8836,1.2379
8837,0.7129
8838,0.1818
8839,0.1765
8840,0.2053
8841,0.8009
8842,0.2348
8843,0.1763
8844,0.1766
8845,0.3374
8846,0.6927
8847,0.6872
8848,0.6895
8849,0.6949
8850,0.691
8851,0.7
8852,0.7162
8853,0.7139
8854,0.7101
8855,0.7164
8856,0.7127
8857,0.714
8858,0.7156
8859,0.7168
8860,0.7166
8861,0.7138
8862,0.7104
8863,0.7052
8864,0.7297
8865,0.8524
8866,0.5013
8867,0.7632
8868,0.8955
8869,0.864
8870,0.7694
8871,0.7094
8872,0.4974
8873,0.5962
8874,0.8487
8875,0.7972
8876,0.8655
8877,0.7869
8878,0.4314
8879,0.2972
8880,0.3064
8881,0.3385
8882,0.6516
8883,0.8437
8884,0.6193
8885,0.7703
8886,0.8838
8887,0.9028
8888,0.9415
8889,0.9298
8890,0.9295
8891,0.9082
8892,0.8893
8893,0.9153
8894,0.9179
8895,0.8831
8896,0.8773
8897,0.7652
8898,0.6444
8899,0.3354
8900,0.2561
8901,0.3746
8902,0.6962
8903,0.873
8904,0.8634
8905,0.8382
8906,0.8111
8907,0.824
8908,0.8252
8909,0.791
8910,0.7355
8911,0.6933
8912,0.7161
8913,0.7149
8914,0.6578
8915,0.7288
8916,0.772
8917,0.7729
8918,0.757
8919,0.7217
8920,0.7095
8921,0.6873
8922,0.6765
8923,0.6693
8924,0.654
8925,0.6582
8926,0.6312
8927,0.6227
8928,0.6367
8929,0.6358
8930,0.624
8931,0.6125
8932,0.6031
8933,0.5777
8934,0.5514
8935,0.5339
8936,0.5496
8937,0.5595
8938,0.5348
8939,0.477
8940,0.407
8941,0.3454
8942,0.2805
8943,0.2305
8944,0.1639
8945,0.1187
8946,0.1038
8947,0.0978
8948,0.0941
8949,0.0911
8950,0.0873
8951,0.0867
8952,0.0868
8953,0.0868
8954,0.0873
8955,0.088
8956,0.0873
8957,0.0874
8958,0.0876
8959,0.0864
8960,0.0874
8961,0.089
8962,0.0886
8963,0.089
8964,0.0887
8965,0.0889
8966,0.0885
8967,0.0888
8968,0.1092
8969,0.0934
8970,0.0961
8971,0.0882
8972,0.1123
8973,0.129
8974,0.125
8975,0.1057
8976,0.0883
8977,0.0876
8978,0.0873
8979,0.0874
8980,0.0877
8981,0.0874
8982,0.0876
8983,0.0868
8984,0.0873
8985,0.0868
8986,0.0858
8987,0.0863
8988,0.0871
8989,0.087
8990,0.0871
8991,0.0877
8992,0.0875
8993,0.0873
8994,0.0873
8995,0.0878
8996,0.0878
8997,0.0878
8998,0.0875
8999,0.087
9000,0.0876
9001,0.0876
9002,0.087
9003,0.0859
9004,0.0847
9005,0.0867
9006,0.0897
9007,0.0965
9008,0.1015
9009,0.1081
9010,0.1166
9011,0.1202
9012,0.1152
9013,0.1244
9014,0.1302
9015,0.1359
9016,0.137
9017,0.1277
9018,0.1273
9019,0.1286
9020,0.129
9021,0.1462
9022,0.1611
9023,0.1544
9024,0.1519
9025,0.1574
9026,0.1685
9027,0.1699
9028,0.1729
9029,0.1681
9030,0.1646
9031,0.1643
9032,0.1641
9033,0.164
9034,0.1636
9035,0.163
9036,0.1621
9037,0.1618
9038,0.1622
9039,0.1619
9040,0.1627
9041,0.1664
9042,0.1666
9043,0.1667
9044,0.1669
9045,0.1764
9046,0.2448
9047,0.2666
9048,0.2787
9049,0.254
9050,0.2685
9051,0.1689
9052,0.1664
9053,0.166
9054,0.1665
9055,0.1667
9056,0.1658
9057,0.1659
9058,0.1673
9059,0.1675
9060,0.1681
9061,0.1677
9062,0.1669
9063,0.1678
9064,0.167
9065,0.1667
9066,0.1667
9067,0.1664
9068,0.1669
9069,0.1671
9070,0.1682
9071,0.1677
9072,0.1683
9073,0.1673
9074,0.1674
9075,0.1686
9076,0.1686
9077,0.2763
9078,0.3223
9079,0.3193
9080,0.3188
9081,0.3181
9082,0.3164
9083,0.3149
9084,0.3138
9085,0.3289
9086,0.3375
9087,0.3471
9088,0.3532
9089,0.3495
9090,0.3492
9091,0.3517
9092,0.3513
9093,0.3516
9094,0.3679
9095,0.3745
9096,0.3731
9097,0.3731
9098,0.3729
9099,0.3704
9100,0.3701
9101,0.3654
9102,0.3649
9103,0.3853
9104,0.3903
9105,0.3887
9106,0.3897
9107,0.3919
9108,0.3691
9109,0.3623
9110,0.3613
9111,0.3613
9112,0.3598
9113,0.3584
9114,0.3574
9115,0.3564
9116,0.2646
9117,0.2389
9118,0.2303
9119,0.23
9120,0.2205
9121,0.2159
9122,0.216
9123,0.2157
9124,0.2164
9125,0.2162
9126,0.2159
9127,0.2175
9128,0.2159
9129,0.2171
9130,0.2168
9131,0.2163
9132,0.2163
9133,0.2162
9134,0.2183
9135,0.2262
9136,0.2282
9137,0.226
9138,0.2145
9139,0.2076
9140,0.2173
9141,0.2235
9142,0.2347
9143,0.2395
9144,0.204
9145,0.205
9146,0.2148
9147,0.2138
9148,0.2128
9149,0.2137
9150,0.2127
9151,0.2369
9152,0.2173
9153,0.2126
9154,0.2114
9155,0.2255
9156,0.2121
9157,0.2123
9158,0.2276
9159,0.2159
9160,0.1919
9161,0.1925
9162,0.1925
9163,0.1927
9164,0.1926
9165,0.2347
9166,0.2614
9167,0.2578
9168,0.259
9169,0.2596
9170,0.2884
9171,0.3026
9172,0.3023
9173,0.3016
9174,0.2996
9175,0.2752
9176,0.2712
9177,0.2715
9178,0.2717
9179,0.2719
9180,0.2713
9181,0.2712
9182,0.2707
9183,0.2711
9184,0.2708
9185,0.2711
9186,0.2709
9187,0.2706
9188,0.2711
9189,0.2709
9190,0.2702
9191,0.2706
9192,0.2327
9193,0.2047
9194,0.2215
9195,0.2177
9196,0.2049
9197,0.2046
9198,0.2054
9199,0.2054
9200,0.2053
9201,0.2049
9202,0.205
9203,0.2346
9204,0.3161
9205,0.3145
9206,0.3132
9207,0.312
9208,0.3107
9209,0.3092
9210,0.3074
9211,0.3057
9212,0.3159
9213,0.3139
9214,0.3042
9215,0.3042
9216,0.3607
9217,0.3552
9218,0.3569
9219,0.3753
9220,0.3528
9221,0.3503
9222,0.3482
9223,0.3472
9224,0.3465
9225,0.3445
9226,0.3511
9227,0.3514
9228,0.3504
9229,0.3496
9230,0.349
9231,0.3489
9232,0.348
9233,0.3481
9234,0.3453
9235,0.3394
9236,0.3393
9237,0.3384
9238,0.3398
9239,0.3537
9240,0.3523
9241,0.3521
9242,0.3504
9243,0.3496
9244,0.3483
9245,0.3478
9246,0.3627
9247,0.6135
9248,0.6792
9249,0.6784
9250,0.6795
9251,0.6134
9252,0.5575
9253,0.5534
9254,0.5557
9255,0.556
9256,0.5546
9257,0.5566
9258,0.5564
9259,0.5511
9260,0.5537
9261,0.5517
9262,0.5537
9263,0.5518
9264,0.5535
9265,0.551
9266,0.5521
9267,0.5486
9268,0.5421
9269,0.5445
9270,0.5478
9271,0.5476
9272,0.5454
9273,0.5416
9274,0.5371
9275,0.5535
9276,0.5493
9277,0.5361
9278,0.5354
9279,0.5342
9280,0.5344
9281,0.533
9282,0.5346
9283,0.5347
9284,0.5333
9285,0.532
9286,0.5335
9287,0.5358
9288,0.5355
9289,0.5348
9290,0.5347
9291,0.5322
9292,0.5351
9293,0.5348
9294,0.534
9295,0.5327
9296,0.5334
9297,0.5338
9298,0.5327
9299,0.5343
9300,0.5363
9301,0.5343
9302,0.5336
9303,0.5352
9304,0.531
9305,0.5313
9306,0.5344
9307,0.5345
9308,0.5338
9309,0.5328
9310,0.5332
9311,0.5341
9312,0.5336
9313,0.5324
9314,0.5343
9315,0.5331
9316,0.5339
9317,0.5331
9318,0.5298
9319,0.5346
9320,0.5308
9321,0.5328
9322,0.5316
9323,0.5327
9324,0.5304
9325,0.5452
9326,0.6893
9327,0.695
9328,0.6112
9329,0.5575
9330,0.5556
9331,0.5449
9332,0.5412
9333,0.5521
9334,0.5494
9335,0.5489
9336,0.5486
9337,0.5486
9338,0.5483
9339,0.5478
9340,0.5429
9341,0.5462
9342,0.5458
9343,0.5441
9344,0.5472
9345,0.5515
9346,0.5507
9347,0.5463
9348,0.5475
9349,0.5491
9350,0.5491
9351,0.5487
9352,0.5484
9353,0.5487
9354,0.5489
9355,0.548
9356,0.5491
9357,0.5475
9358,0.5445
9359,0.5466
9360,0.5454
9361,0.5456
9362,0.5446
9363,0.5842
9364,0.6227
9365,0.764
9366,0.7542
9367,0.7527
9368,0.7515
9369,0.7491
9370,0.7478
9371,0.745
9372,0.7461
9373,0.7447
9374,0.7446
9375,0.7416
9376,0.7418
9377,0.7378
9378,0.7432
9379,0.7802
9380,0.7736
9381,0.7259
9382,0.7197
9383,0.7167
9384,0.7202
9385,0.7182
9386,0.7204
9387,0.7154
9388,0.7093
9389,0.6783
9390,0.6721
9391,0.6707
9392,0.6701
9393,0.6686
9394,0.6675
9395,0.6657
9396,0.6626
9397,0.5708
9398,0.2097
9399,0.212
9400,0.21
9401,0.2095
9402,0.2089
9403,0.208
9404,0.2065
9405,0.2055
9406,0.2049
9407,0.2041
9408,0.2026
9409,0.2021
9410,0.2015
9411,0.2007
9412,0.2
9413,0.1982
9414,0.1964
9415,0.1954
9416,0.1946
9417,0.194
9418,0.1925
9419,0.1915
9420,0.1911
9421,0.1903
9422,0.1908
9423,0.1898
9424,0.1887
9425,0.188
9426,0.1869
9427,0.1872
9428,0.1874
9429,0.1864
9430,0.1858
9431,0.1857
9432,0.1854
9433,0.1849
9434,0.1839
9435,0.1841
9436,0.1836
9437,0.1836
9438,0.1827
9439,0.1817
9440,0.191
9441,0.1914
9442,0.1918
9443,0.1852
9444,0.1889
9445,0.1888
9446,0.1856
9447,0.192
9448,0.185
9449,0.1844
9450,0.185
9451,0.1812
9452,0.1797
9453,0.1784
9454,0.1781
9455,0.1785
9456,0.1787
9457,0.1806
9458,0.1773
9459,0.1762
9460,0.1765
9461,0.1771
9462,0.1776
9463,0.1764
9464,0.1673
9465,0.1573
9466,0.1572
9467,0.157
9468,0.1566
9469,0.1599
9470,0.1564
9471,0.1564
9472,0.1564
9473,0.1558
9474,0.1561
9475,0.1559
9476,0.1552
9477,0.1539
9478,0.1548
9479,0.1521
9480,0.1519
9481,0.1515
9482,0.1524
9483,0.1521
9484,0.1513
9485,0.1518
9486,0.1517
9487,0.1518
9488,0.1523
9489,0.1521
9490,0.1518
9491,0.1519
9492,0.1522
9493,0.2624
9494,0.2999
9495,0.2961
9496,0.2944
9497,0.292
9498,0.2911
9499,0.2899
9500,0.2886
9501,0.2877
9502,0.287
9503,0.2866
9504,0.2909
9505,0.2907
9506,0.2844
9507,0.2839
9508,0.2834
9509,0.2838
9510,0.2822
9511,0.2806
9512,0.2788
9513,0.2775
9514,0.2768
9515,0.276
9516,0.2743
9517,0.2737
9518,0.2741
9519,0.273
9520,0.2731
9521,0.2716
9522,0.2714
9523,0.2037
9524,0.1489
9525,0.1487
9526,0.1486
9527,0.148
9528,0.1489
9529,0.1479
9530,0.1489
9531,0.1479
9532,0.1469
9533,0.1473
9534,0.1468
9535,0.1471
9536,0.1465
9537,0.1466
9538,0.1461
9539,0.1466
9540,0.1472
9541,0.1465
9542,0.1466
9543,0.1453
9544,0.1456
9545,0.1461
9546,0.1453
9547,0.1457
9548,0.1451
9549,0.1455
9550,0.1457
9551,0.146
9552,0.1451
9553,0.145
9554,0.1459
9555,0.1452
9556,0.1459
9557,0.1458
9558,0.1455
9559,0.1451
9560,0.1457
9561,0.1458
9562,0.145
9563,0.1448
9564,0.1448
9565,0.1456
9566,0.1449
9567,0.1441
9568,0.1439
9569,0.1443
9570,0.1446
9571,0.1441
9572,0.1443
9573,0.144
9574,0.1438
9575,0.1432
9576,0.1438
9577,0.144
9578,0.1437
9579,0.144
9580,0.1438
9581,0.1445
9582,0.1453
9583,0.1443
9584,0.1441
9585,0.1444
9586,0.1442
9587,0.144
9588,0.1439
9589,0.1445
9590,0.1445
9591,0.1443
9592,0.1444
9593,0.144
9594,0.1443
9595,0.1444
9596,0.1445
9597,0.144
9598,0.1431
9599,0.1426
9600,0.1428
9601,0.1407
9602,0.143
9603,0.1431
9604,0.1427
9605,0.1428
9606,0.1426
9607,0.1426
9608,0.1445
9609,0.1429
9610,0.1452
9611,0.1469
9612,0.1463
9613,0.1459
9614,0.1458
9615,0.1459
9616,0.1457
9617,0.1455
9618,0.1459
9619,0.1463
9620,0.146
9621,0.1457
9622,0.1455
9623,0.1451
9624,0.1455
9625,0.1449
9626,0.1446
9627,0.1443
9628,0.1445
9629,0.2851
9630,0.2912
9631,0.2888
9632,0.2866
9633,0.2847
9634,0.2834
9635,0.2822
9636,0.2811
9637,0.2805
9638,0.279
9639,0.2794
9640,0.2785
9641,0.2782
9642,0.2778
9643,0.2759
9644,0.274
9645,0.273
9646,0.2723
9647,0.2717
9648,0.2708
9649,0.2701
9650,0.2693
9651,0.2688
9652,0.2685
9653,0.2683
9654,0.2677
9655,0.2676
9656,0.2675
9657,0.2675
9658,0.2673
9659,0.1832
9660,0.1471
9661,0.1443
9662,0.1441
9663,0.1435
9664,0.1434
9665,0.1435
9666,0.1437
9667,0.1438
9668,0.1437
9669,0.1436
9670,0.1434
9671,0.1437
9672,0.1445
9673,0.1431
9674,0.1434
9675,0.143
9676,0.1435
9677,0.1444
9678,0.1437
9679,0.1436
9680,0.1435
9681,0.1438
9682,0.1437
9683,0.1436
9684,0.1436
9685,0.1446
9686,0.1441
9687,0.1445
9688,0.1457
9689,0.1445
9690,0.1439
9691,0.1437
9692,0.1439
9693,0.1437
9694,0.1438
9695,0.1437
9696,0.1437
9697,0.1439
9698,0.1441
9699,0.1433
9700,0.1428
9701,0.1427
9702,0.1432
9703,0.1431
9704,0.1427
9705,0.143
9706,0.1426
9707,0.1432
9708,0.1427
9709,0.1428
9710,0.1423
9711,0.1425
9712,0.1434
9713,0.1427
9714,0.1426
9715,0.1426
9716,0.1424
9717,0.1434
9718,0.1427
9719,0.1437
9720,0.144
9721,0.1428
9722,0.1429
9723,0.1429
9724,0.143
9725,0.1429
9726,0.1431
9727,0.1433
9728,0.1426
9729,0.1438
9730,0.1428
9731,0.1432
9732,0.1427
9733,0.1433
9734,0.1447
9735,0.1538
9736,0.1684
9737,0.166
9738,0.1674
9739,0.1676
9740,0.1675
9741,0.1673
9742,0.167
9743,0.1669
9744,0.1668
9745,0.1663
9746,0.1664
9747,0.1651
9748,0.183
9749,0.1944
9750,0.1946
9751,0.1945
9752,0.1943
9753,0.1948
9754,0.1805
9755,0.1669
9756,0.1666
9757,0.1649
9758,0.1628
9759,0.1659
9760,0.1664
9761,0.1661
9762,0.1662
9763,0.1665
9764,0.1665
9765,0.1662
9766,0.1661
9767,0.1663
9768,0.1689
9769,0.2507
9770,0.3343
9771,0.3265
9772,0.3253
9773,0.317
9774,0.3216
9775,0.3203
9776,0.8134
9777,1.519
9778,1.5193
9779,1.5214
9780,0.6987
9781,0.3161
9782,0.3146
9783,0.3134
9784,0.3112
9785,0.3856
9786,0.3903
9787,0.3903
9788,0.388
9789,0.3847
9790,0.3792
9791,0.2969
9792,0.3014
9793,0.3019
9794,0.3013
9795,0.3015
9796,0.2983
9797,0.2986
9798,0.298
9799,0.2566
9800,0.1769
9801,0.1758
9802,0.1755
9803,0.1757
9804,0.1746
9805,0.1522
9806,0.1521
9807,0.1524
9808,0.152
9809,0.175
9810,0.1779
9811,0.1683
9812,0.148
9813,0.1434
9814,0.1435
9815,0.1425
9816,0.1433
9817,0.1434
9818,0.143
9819,0.1426
9820,0.1429
9821,0.1422
9822,0.1425
9823,0.1425
9824,0.1423
9825,0.142
9826,0.1427
9827,0.1436
9828,0.1433
9829,0.1434
9830,0.1433
9831,0.1437
9832,0.1437
9833,0.1431
9834,0.1428
9835,0.1427
9836,0.1418
9837,0.1417
9838,0.1408
9839,0.1401
9840,0.1399
9841,0.1394
9842,0.1387
9843,0.1383
9844,0.1364
9845,0.1311
9846,0.1279
9847,0.125
9848,0.1227
9849,0.1239
9850,0.1435
9851,0.1566
9852,0.1531
9853,0.1483
9854,0.1434
9855,0.1384
9856,0.133
9857,0.1278
9858,0.123
9859,0.1184
9860,0.1144
9861,0.1101
9862,0.1605
9863,0.4153
9864,0.4462
9865,0.4431
9866,0.4437
9867,0.4431
9868,0.4405
9869,0.4382
9870,0.4376
9871,0.4355
9872,0.4365
9873,0.436
9874,0.435
9875,0.4341
9876,0.4336
9877,0.4327
9878,0.4328
9879,0.4325
9880,0.4314
9881,0.4306
9882,0.4296
9883,0.4286
9884,0.4287
9885,0.4292
9886,0.4293
9887,0.4303
9888,0.4309
9889,0.4289
9890,0.4289
9891,0.4291
9892,0.4288
9893,0.429
9894,0.429
9895,0.4269
9896,0.4266
9897,0.4258
9898,0.424
9899,0.4344
9900,0.4079
9901,0.4048
9902,0.4065
9903,0.4502
9904,0.5353
9905,0.5196
9906,0.5111
9907,0.5104
9908,0.5043
9909,0.4978
9910,0.5103
9911,0.5081
9912,0.5037
9913,0.4793
9914,0.4707
9915,0.4666
9916,0.4599
9917,0.4553
9918,0.4506
9919,0.4487
9920,0.4432
9921,0.4381
9922,0.4343
9923,0.4338
9924,0.4241
9925,0.4171
9926,0.4074
9927,0.3962
9928,0.3923
9929,0.3911
9930,0.388
9931,0.3841
9932,0.3788
9933,0.3807
9934,0.4031
9935,0.4041
9936,0.4195
9937,0.4193
9938,0.4206
9939,0.4199
9940,0.419
9941,0.4199
9942,0.4053
9943,0.3992
9944,0.4051
9945,0.3939
9946,0.4031
9947,0.2895
9948,0.2258
9949,0.2372
9950,0.2414
9951,0.2441
9952,0.2479
9953,0.252
9954,0.2543
9955,0.282
9956,0.2932
9957,0.2987
9958,0.3045
9959,0.3178
9960,0.3351
9961,0.3494
9962,0.3575
9963,0.3659
9964,0.3703
9965,0.3716
9966,0.3757
9967,0.3865
9968,0.399
9969,0.407
9970,0.4328
9971,0.4505
9972,0.4623
9973,0.4734
9974,0.4992
9975,0.5172
9976,0.5289
9977,0.5343
9978,0.5392
9979,0.5519
9980,0.5875
9981,0.5994
9982,0.6035
9983,0.608
9984,0.6138
9985,0.6269
9986,0.6559
9987,0.6689
9988,0.6745
9989,0.6824
9990,0.6874
9991,0.6915
9992,0.6949
9993,0.6993
9994,0.7032
9995,0.6988
9996,0.7015
9997,0.7139
9998,0.7234
9999,0.7456
10000,0.763
10001,0.7654
10002,0.7774
10003,0.7927
10004,0.8134
10005,0.8281
10006,0.8391
10007,0.8488
10008,0.8547
10009,0.8966
10010,0.9152
10011,0.9141
10012,0.922
10013,0.9391
10014,0.9378
10015,0.9422
10016,0.9494
10017,0.9529
10018,0.9566
10019,0.9464
10020,0.9608
10021,0.9689
10022,0.9569
10023,0.9497
10024,0.967
10025,0.9763
10026,0.9803
10027,0.9765
10028,0.9804
10029,0.9929
10030,0.9924
10031,0.9978
10032,0.9972
10033,1.0213
10034,1.0132
10035,1.0159
10036,1.0239
10037,1.0116
10038,0.9688
10039,0.9765
10040,0.9964
10041,1.0444
10042,1.0496
10043,1.051
10044,1.0596
10045,1.075
10046,1.0824
10047,1.08
10048,1.0873
10049,1.0948
10050,1.0951
10051,1.0985
10052,1.1044
10053,1.1134
10054,1.1162
10055,1.1248
10056,1.1147
10057,1.1025
10058,1.1128
10059,1.131
10060,1.1258
10061,1.1451
10062,1.1624
10063,1.1709
10064,1.1636
10065,1.1592
10066,1.1491
10067,1.1637
10068,1.191
10069,1.203
10070,1.1963
10071,1.1849
10072,1.1986
10073,1.2184
10074,1.2362
10075,1.2338
10076,1.2158
10077,1.21
10078,1.2
10079,1.2081
10080,1.2014
10081,1.2111
10082,1.2494
10083,1.2854
10084,1.2905
10085,1.2709
10086,1.239
10087,1.2545
10088,1.2544
10089,1.2242
10090,1.2045
10091,1.1954
10092,1.26
10093,1.2697
10094,1.286
10095,1.1993
10096,1.1389
10097,0.5585
10098,1.1874
10099,1.247
10100,1.2774
10101,1.2846
10102,1.3297
